battery,bus,cpu_brand_modifier,cpu_generation,cpu_manufacturer,cpu_speed,gpu_manufacturer,manufacturer,price,ram,ram_type,screen_resolution,screen_size,storage,weight
"75WHrs,",7467MHz,Ultra5,125H,Intel,"4.50GHz,",Intel®,Asus,26.990.000,16GB,LPDDR5X,2880 x 1800,14.0,512GB,1.30 kg
52.5Wh,5600MHz,Ultra7,155U,Intel,"4.80GHz,",Intel®,Lenovo,41.090.000,32GB,DDR5,1920x1200,16.0,1TB,Black (Đen)
57Wh,6400MHz,Ultra7,155H,Intel,"4.80GHz,",Intel®,Lenovo,60.190.000,32GB,LPDDR5x,2880x1800,14.0,1TB,1.09 kg
54.7Wh,6400MHz,Ultra7,155U,Intel,"4.80GHz,",Intel®,Lenovo,43.290.000,32GB,LPDDR5x,1920x1200,13.3,1TB,1.17 kg
52.5Wh,5600MHz,Ultra7,155U,Intel,"4.80GHz,",Intel®,Lenovo,39.290.000,16GB,DDR5,1920x1200,16.0,1TB,Black (Đen)
54.7Wh,6400MHz,Ultra7,155H,Intel,"4.80GHz,",Intel®,Lenovo,44.390.000,32GB,LPDDR5x,1920x1200,13.3,1TB,1.17 kg
46.5Wh,5600MHz,Ultra7,155H,Intel,"4.80GHz,",Intel®,Lenovo,29.390.000,16GB,DDR5,1920x1200,16,512GB,1.77 kg
52.5Wh,5600MHz,Ultra5,125U,Intel,"4.30GHz,",Intel®,Lenovo,29.690.000,16GB,DDR5,1920x1200,16.0,512GB,Black (Đen)
59Wh,6400MHz,Ultra7,155U,Intel,"4.80GHz,",Intel®,HP,35.290.000,32GB,LPDDR5,2880 x 1800,14,512GB,Đèn nền bàn phím
41WHr,5600MHz,Ultra5-125H,125H,Intel,"4.50GHz,",Intel®,HP,21.590.000,16GB,DDR5,1920 x 1080,15.6,1TB,1.59 kg
75Wh,5600MHz,Ultra7,155H,Intel,"4.80GHz,",NVIDIA®,Lenovo,43.890.000,32GB,DDR5,1920x1200,14.5,512GB,1.61kg
84WHrs,7467MHz,Ultra7,155H,Intel,"4.80GHz,",NVIDIA®,Lenovo,37.990.000,16GB,LPDDR5x,2048x1280,16.0,512GB,1.91 kg
75Wh,5600MHz,Ultra7,155H,Intel,"4.80GHz,",NVIDIA®,Lenovo,50.990.000,32GB,DDR5,1920x1200,14.5,512GB,1.61kg
75WH,5200MHz,i5,13500H,Intel,"4.70GHz,",NVIDIA,Lenovo,25.990.000,16GB,LPDDR5,2560x1600,16.0,1TB,1.95 kg
"50WHrs,",3200MHz,i7,12700H,Intel,"4.70GHz,",Intel,Asus,20.490.000,16GB,DDR4,2880 x 1800,14,512GB,1.45 kg
43Wh,3200MHz,5,120U,Intel,"5.00GHz,",Intel,HP,17.990.000,8GB,DDR4,1920 x 1080,14-,512GB,1.52 kg
"75WHrs,",7500MHz,AI9,HX,AMD,"5.10GHz,",AMD,ASUS,33.990.000,32GB,LPDDR5X,2880 x 1800,14.0,1TB,Cool Silver (Bạc)
72Wh,,i5,1340P,Intel,"4.60GHz,",Intel,LG,38.990.000,16GB,LPDDR5,2880x1800,14,512GB,999 g
72Wh,6400MHz,Ultra5,125H,Intel,"4.50GHz,",Intel®,LG,36.290.000,16GB,LPDDR5X,1920x1200,14,512GB,1120 g
54WHr,5200MHz,5,120U,Intel,"5.00GHz,",Intel®,Dell,18.990.000,8GB,DDR5,1920 x 1200,14.0,512GB,1.71 kg
65WHrs,7467MHz,Ultra7,155H,Intel,"4.80GHz,",Intel®,Lenovo,31.990.000,32GB,LPDDR5x,1920x1200,14.0,1TB,1.40 kg
41WHrs,3200MHz,5-120U,120U,Intel,"5.00GHz,",Intel,HP,19.990.000,16GB,DDR4,1920 x 1080,14,512GB,1.4 kg
70WHrs,8533MHz,Ultra7,258V,Intel,"4.80GHz,",Intel®,Lenovo,42.990.000,32GB,LPDDR5x,"WQXGA+, 2880x1800",15.3,1TB,1.53 kg
41WHrs,3200MHz,7-150U,150U,Intel,"5.40GHz,",Intel,HP,22.990.000,16GB,DDR4,1920 x 1080,14,512GB,1.4 kg
41WHrs,3200MHz,5-120U,120U,Intel,"5.00GHz,",Intel,HP,21.290.000,16GB,DDR4,1920 x 1080,14,512GB,1.4 kg
59Wh,6400MHz,Ultra7,155U,Intel,"4.80GHz,",Intel®,HP,35.290.000,32GB,LPDDR5,2880 x 1800,14,512GB,Đèn nền bàn phím
59Wh,6400MHz,Ultra7,155U,Intel,"4.80GHz,",Intel®,HP,35.290.000,32GB,LPDDR5,2880 x 1800,14,512GB,Đèn nền bàn phím
41WHrs,3200MHz,i5,1334U,Intel,"4.60GHz,",Intel,Dell,19.990.000,16GB,DDR4,1920 x 1080,15.6,512GB,1.62 kg
42WHrs,3200MHz,5,5625U,AMD,"4.30GHz,",AMD,Lenovo,12.790.000,16GB,DDR4,1920x1080,15.6,512GB,1.38 kg
54WHrs,3200MHz,i7,1355U,Intel,"5.00GHz,",Intel,Dell,22.490.000,16GB,DDR4,1920 x 1080,15.6,512GB,1.62 kg
59Wh,6400MHz,5,8640HS,AMD,"4.90GHz,",AMD,HP,28.990.000,16GB,LPDDR5,2880 x 1800,14,512GB,Đèn nền bàn phím
63WHrs,5600MHz,Ultra5,125H,Intel,"4.50GHz,",Intel®,Asus,27.990.000,16GB,DDR5,1920 x 1200,14.0,512GB,1.40 kg
63WHrs,5600MHz,Ultra7,155H,Intel,"4.80GHz,",Intel®,Asus,31.990.000,16GB,DDR5,1920 x 1200,14.0,512GB,1.40 kg
38Wh,3200MHz,i5,1235U,Intel,"4.40GHz,",Intel®,Lenovo,13.990.000,8GB,DDR4,1920x1080,14,256GB,1.43 kg
47Wh,5600MHz,Ultra5,125U,Intel,"4.30GHz,",Intel®,Lenovo,24.890.000,16GB,DDR5,1920x1200,16.0,1TB,1.81 kg
54WHrs,3200MHz,i7,1355U,Intel,"5.00GHz,",Intel,Dell,22.490.000,16GB,DDR4,1920 x 1080,15.6,512GB,1.62 kg
42WHrs,5600MHz,i5,1335U,Intel,"4.60GHz,",Intel,Dell,20.990.000,8GB,DDR5,1920 x 1080,14,512GB,Đen
47Wh,5600MHz,Ultra5,125U,Intel,"4.30GHz,",Intel®,Lenovo,26.590.000,32GB,DDR5,1920x1200,16.0,1TB,1.81 kg
"3S1P,",8448MHz,EliteX1E,X,Snapdragon,"3.4GHz,",Qualcomm,Asus,34.990.000,32GB,LPDDR5X,2880 x 1620,15.6,1TB,1.42 kg
47Wh,5600MHz,Ultra7,155H,Intel,"4.80GHz,",Intel®,Lenovo,28.690.000,16GB,DDR5,1920x1200,14,1TB,1.44 kg
69.5Whr,7467MHz,Ultra7,155H,Intel,"4.80GHz,",NVIDIA®,Dell,60.990.000,32GB,LPDDR5x,1920 x 1200,14.5,2TB,1.68 kg
47Wh,5600MHz,Ultra7,155H,Intel,"4.80GHz,",Intel®,Lenovo,33.490.000,32GB,DDR5,2240x1400,14,1TB,1.44 kg
57Wh,4800MHz,i5,1335U,Intel,"4.60GHz,",Intel®,Lenovo,27.490.000,16GB,LPDDR5x,1920x1200,14,512GB,1.25 kg
42WHrs,3200MHz,i3,1315U,Intel,"4.50GHz,",Intel,Asus,12.690.000,8GB,DDR4,1920 x 1080,14,512GB,1.4 kg
54WHrs,5200MHz,5,120U,Intel,"5.00GHz,",Integrated,Dell,24.790.000,16GB,DDR5,1920 x 1200,16.0,1TB,Ice Blue (Xanh)
45Wh,5200MHz,i7,1355U,Intel,"5.00GHz,",Intel®,Lenovo,21.990.000,16GB(2x,DDR5,1920x1200,14.0,512GB,1.38 kg
41WHrs,2666MHz,i3,1215U,Intel,"4.40GHz,",Intel,Dell,12.990.000,8GB,DDR4,1920 x 1080,15.6,512GB,1.65 kg
41Wh,,i5,1235U,Intel,"4.40GHz,",Intel,Dell,15.590.000,8GB,DDR4,1920 x 1080,15.6,512GB,1.85 kg
65Whrs,,Ultra7,258V,Intel,"4.80GHz,",Intel®,Acer,39.990.000,32GB,LPDDR5X,2880×1880,14,1TB,1.26 kg
54Wh,5600MHz,Ultra7,165U,Intel,"4.90GHz,",Intel®,Dell,32.490.000,16GB,DDR5,1920x1080,15.6,512GB,1.62 kg
41WHrs,2666MHz,i5,1335U,Intel,"4.60GHz,",Intel,Dell,16.990.000,8GB,DDR4,1920x1080,14.0,512GB,Titan Grey (Xám)
41Wh,,i5,1235U,Intel,"4.40GHz,",Intel,Dell,16.990.000,16GB,DDR4,1920 x 1080,15.6,512GB,1.90 kg
41Wh,,i5,1235U,Intel,"4.40GHz,",Intel®,Dell,15.590.000,8GB,DDR4,1920 x 1080,15.6,512GB,1.90 kg
56Wh,6400MHz,Ultra5,135U,Intel,"4.40GHz,",Intel®,HP,46.990.000,16GB,LPDDR5x,1920 x 1200,13.3,512GB,"Fingerprint, LED Keyboard"
77Whr,7467MHz,Ultra7,155H,Intel,"4.80GHz,",Intel®,LG,32.990.000,16GB,LPDDR5X,2560 x 1600,16,512GB,1197g
65Whrs,,Ultra5,226V,Intel,"4.50GHz,",Intel®,Acer,34.990.000,16GB,LPDDR5X,2880×1880,14,1TB,1.26 kg
72WHrs,7467MHz,Ultra7,155H,Intel,"4.80GHz,",Intel®,LG,31.990.000,32GB,LPDDR5X,1920 x 1200,14,1TB,1120 g
54Whr,3200MHz,i7,1355U,Intel,"5.00GHz,",Intel,Dell,25.990.000,16GB,DDR4,1920 x 1080,15.6,1TB,1.65 kg
71Wh,6400MHz,5,8640HS,AMD,"4.90GHz,",AMD,Lenovo,17.990.000,8GB,LPDDR5,1920x1200,16.0,512GB,1.99 kg
72WHrs,6400MHz,Ultra5,125H,Intel,"4.50GHz,",Intel®,LG,27.990.000,16GB,LPDDR5X,1920 x 1200,14,512GB,1247 g
41WHrs,3200MHz,i5,1334U,Intel,"4.60GHz,",Intel,Dell,16.990.000,16GB,DDR4,1920 x 1080,15.6,512GB,1.66 kg
42WHrs,3200MHz,i5,1235U,Intel,4.40,Intel,Dell,16.490.000,8GB(8GBx1),DDR4,1920 x 1080,14,512GB,Grayish Black
75Wh,5600MHz,Ultra5,125H,Intel,"4.50GHz,",NVIDIA®,Lenovo,45.290.000,32GB,DDR5,3072x1920,14.5,1TB,1.61kg
72Whr,6400MHz,Ultra7,155H,Intel,"4.80GHz,",Intel®,LG,33.990.000,16GB,LPDDR5X,1920 x 1080,15.6,1TB,1302 g
90Whr,,Ultra7,155H,Intel,"4.80GHz,",NVIDIA®,MSI,36.990.000,32GB(2,DDR5,2880x1800,14,1TB,Stellar Gray (Xám)
54Wh,6400MHz,Ultra7,,Intel,"4.90GHz,",Intel®,Dell,32.790.000,16GB,LPDDR5x,1920x1080,13.3,512GB,1.35 kg
42WHrs,,i7,1255U,Intel,"4.40GHz,",Intel®,Asus,17.990.000,16GB,DDR4,1920 x 1080,15.6,512GB,1.70 kg
41WHrs,3200MHz,7-150U,150U,Intel,"5.40GHz,",Intel,HP,24.790.000,16GB,DDR4,1920 x 1080,14,1TB,1.4 kg
59Wh,6400MHz,5,8640HS,AMD,"4.90GHz,",AMD,HP,30.390.000,16GB,LPDDR5,2880 x 1800,14,1TB,Đèn nền bàn phím
58WHrs,,i5,1334U,Intel,"4.60GHz,",Intel®,Acer,15.990.000,16GB,DDR5,1920x1200,14.0,512GB,Silver (Bạc)
56Wh,5600MHz,Ultra5,125H,Intel,"4.50GHz,",Intel®,HP,25.990.000,16GB,DDR5,1920 x 1200,16,512GB,1.74 kg
54.7Wh,6400MHz,Ultra5,125H,Intel,"4.50GHz,",Intel®,Lenovo,34.200.000,32GB,LPDDR5x,1920x1200,13.3,512GB,1.17 kg
90Wh,7467MHz,Ultra7,155H,Intel,"4.80GHz,",NVIDIA®,LG,48.990.000,16GB,LPDDR5X,2560 x 1600,17,1TB,1378 g
56Wh,5600MHz,Ultra7,155H,Intel,"4.80GHz,",Intel®,HP,32.490.000,16GB,DDR5,1920 x 1200,14,512GB,1.39kg
77Whr,7467MHz,Ultra7,155H,Intel,"4.80GHz,",Intel®,LG,38.990.000,16GB,LPDDR5X,2560 x 1600,16,512GB,1397g
54.7Wh,6400MHz,Ultra7,155H,Intel,"4.80GHz,",Intel®,Lenovo,40.990.000,16GB,LPDDR5x,1920x1200,13.3,512GB,1.17 kg
52.5Wh,4266MHz,5,7430U,AMD,"4.30GHz,",AMD,Lenovo,16.990.000,16GB,LPDDR4x,1920x1200,14.0,512GB,1.55 kg
kg,7500MHz,AI9,,AMD,"5.00GHz,",AMD,MSI,40.990.000,32GB,LPDDR5x,3840x2400,16,1TB,4Cell 82Whr
56Wh,5600MHz,Ultra7,155U,Intel,"4.80GHz,",Intel,HP,30.990.000,16GB,DDR5,1920 x 1200,14,512GB,1.39kg
52.5Wh,5600MHz,Ultra5,125H,Intel,"4.50GHz,",Intel®,Lenovo,31.990.000,16GB,DDR5,2240x1400,14.0,512GB,1.38 Kg
52.5WHrs,5600MHz,Ultra7,155H,Intel,"4.80GHz,",Intel®,Lenovo,34.490.000,16GB,DDR5,1920x1200,14.0,512GB,1.36 Kg
52.5Wh,4266MHz,7,7730U,AMD,"4.50GHz,",AMD,Lenovo,18.990.000,16GB,LPDDR4x,1920x1200,14.0,512GB,1.55 kg
54WHr,5200MHz,5,120U,Intel,"5.00GHz,",Intel®,Dell,30.890.000,16GB,DDR5,1920 x 1200,14.0,1TB,1.74 kg
kg,7647MHz,Ultra5,125H,Intel,"4.50GHz,",Intel®,Lenovo,22.990.000,16GB,LPDDR5x,2560 x 1600,14,512GB,Xám
56Wh,7500MHz,Ultra7,155U,Intel,"4.80GHz,",Intel®,HP,47.990.000,16GB,LPDDR5x,1920 x 1200,13.3,512GB,"Fingerprint, LED Keyboard"
75WHrs,5600MHz,Ultra7,155H,Intel,"4.80GHz,",NVIDIA®,ASUS,28.990.000,16GB,DDR5,1920x 1080,15.6,1TB,Earl Gray
43Wh,3200MHz,7,150U,Intel,"5.40GHz,",Intel,HP,21.990.000,16GB,DDR4,1920 x 1080,14-,512GB,1.52 kg
54WHrs,,i7,1355U,Intel,"5.00GHz,",Intel,Dell,22.390.000,16GB,DDR4,1920 x 1080,15.6,512GB,1.62 kg
41WHrs,3200MHz,i5,1334U,Intel,"4.60GHz,",Intel,Dell,17.990.000,8GB,DDR4,1920 x 1080,15.6,512GB,1.62 kg
41WHrs,3200MHz,i5,1334U,Intel,"4.60GHz,",Intel,Dell,17.990.000,8GB,DDR4,1920 x 1080,15.6,512GB,1.62 kg
50WHrs,3200MHz,7,5700U,AMD,"4.30GHz,",AMD,Acer,13.990.000,16GB,DDR4,1920 x 1080,15.6,512GB,1.7 kg
41WHrs,3200MHz,i5,1334U,Intel,"4.60GHz,",Intel,Dell,19.290.000,16GB,DDR4,1920 x 1080,15.6,512GB,1.62 kg
66Wh,4266MHz,i7,1250U,Intel,"4.70GHz,",Intel,HP,32.990.000,16GB,LDDR4,2880 x 1800,13.3,512GB,1.33 kg
43Wh,3200MHz,5,120U,Intel,"5.00GHz,",Intel®,HP,24.800.000,16GB,DDR4,1920 x 1080,14,512GB,1.51 kg
41WHrs,2666MHz,i5,1334U,Intel,"4.60GHz,",Intel,Dell,19.290.000,16GB,DDR4,1920 x 1080,15.6,512GB,1.62 kg
56Wh,5600MHz,Ultra5,125U,Intel,"4.30GHz,",Intel®,HP,23.990.000,8GB,DDR5,1920 x 1200,14,512GB,1.39kg
59Wh,6400MHz,Ultra7,155U,Intel,"4.80GHz,",Intel®,HP,36.990.000,16GB,LPDDR5,2880 x 1800,14,1TB,Đèn nền bàn phím
58Wh,6400MHz,Ultra5,125U,Intel,"4.30GHz,",Intel®,Lenovo,30.590.000,16GB,LPDDR5x,1920x1200,14.0,512GB,1.24 kg
56Wh,5600MHz,Ultra5,125H,Intel,"4.50GHz,",Intel,HP,27.990.000,16GB,DDR5,1920 x 1200,14,512GB,1.39kg
68Wh,7467MHz,Ultra7,155H,Intel,"4.80GHz,",Intel,HP,55.990.000,16GB,LPDDR5x,2880 x 1800,14,1TB,1.36 kg
42WHrs,5600MHz,i5,1335U,Intel,"4.60GHz,",Intel,Dell,19.990.000,8GB,DDR5,1920 x 1080,14,512GB,
54.7Wh,6400MHz,Ultra7,155H,Intel,"4.80GHz,",Intel®,Lenovo,35.790.000,16GB,LPDDR5x,1920x1200,13.3,512GB,1.17 kg
58Whr,4800MHz,Ultra5,125U,Intel,"4.30GHz,",Intel®,Acer,19.990.000,16GB,DDR5,1920 x 1200,14,512GB,1.27 kg
90Wh,5600MHz,Ultra7,155H,Intel,"4.80GHz,",NVIDIA®,Lenovo,67.770.000,32GB,DDR5,3840x2400,16,1TB,2.22 kg
54.7Wh,6400MHz,Ultra7,155H,Intel,"4.80GHz,",Intel®,Lenovo,41.590.000,16GB,LPDDR5x,1920x1200,13.3,1TB,1.17 kg
90Wh,5600MHz,Ultra7,155H,Intel,"4.80GHz,",NVIDIA®,Lenovo,72.680.000,64GB,DDR5,1920x1200,16,2TB,2.22 kg
90Wh,5600MHz,i7,13700H,Intel,"5.00GHz,",NVIDIA®,Lenovo,71.560.000,64GB,DDR5,3840x2400,16,1TB,2.20 kg
"72WHrs,",8533MHz,Ultra7,258V,Intel,"4.80GHz,",Intel®,ASUS,44.990.000,32GB,LPDDR5X,2880 x 1800,14.0,1TB,Trắng
90Wh,5600MHz,Ultra7,155H,Intel,"4.80GHz,",NVIDIA®,Lenovo,63.240.000,64GB,DDR5,1920x1200,16,1TB,2.22 kg
90Wh,5600MHz,Ultra7,155H,Intel,"4.80GHz,",NVIDIA®,Lenovo,59.630.000,32GB,DDR5,1920x1200,16,1TB,2.22 kg
45WHr,5200MHz,i7,1355U,Intel,"5.00GHz,",Intel®,Lenovo,21.990.000,16GB(2x,DDR5,1920x1200,14.0,512GB,1.38 kg
75Wh,5600MHz,Ultra5,125H,Intel,"4.50GHz,",NVIDIA®,Lenovo,37.690.000,16GB(1x,DDR5,1920x1200,16,512GB,1.82 kg
59Wh,6400MHz,Ultra5,125U,Intel,"4.30GHz,",Intel®,HP,31.290.000,16GB,LPDDR5,2880 x 1800,14,1TB,1.34 kg
58WHr,4800MHz,i7,1255U,Intel,"4.70GHz,",Intel®,Acer,16.990.000,16GB,DDR5,"WUXGA, 1920 x 1200",16,512GB,Steel Gray (Xám)
65Wh,6400MHz,Ultra7,155H,Intel,"4.80GHz,",Intel®,Acer,27.490.000,16GB,LPDDR5X,2880x1800,14,512GB,1.32 kg
59Wh,6400MHz,Ultra5,125U,Intel,"4.30GHz,",Intel®,HP,29.490.000,16GB,LPDDR5,2880 x 1800,14,512GB,1.34 kg
68Wh,7467MHz,Ultra7,155H,Intel,"4.80GHz,",Intel,HP,56.990.000,32GB,LPDDR5x,2880 x 1800,14,1TB,1.36 kg
60Whr,7467MHz,Ultra7,155H,Intel,"4.80GHz,",Intel®,LG,37.990.000,16GB,LPDDR5X,1920 x 1080,"15.6""",512GB,990 g
50WHrs,3200MHz,7,5700U,AMD,"4.30GHz,",AMD,Acer,12.990.000,8GB,DDR4,1920 x 1080,15.6,512GB,1.7 kg
54Wh,,5,8640HS,AMD,"4.90GHz,",AMD,Dell,16.990.000,8GB,DDR5,1920x1200,14,512GB,1.71 kg
71Wh,3200MHz,7,7730U,AMD,"4.50GHz,",AMD,Lenovo,26.490.000,32GB(2x,DDR4,2560x1600,16,1TB,1.70 kg
47WH,3200MHz,i5,13500H,Intel,"4.70GHz,",Intel®,Lenovo,21.490.000,32GB,DDR4,1920x1200,14,512GB,1.53 kg
75Wh,5600MHz,Ultra7,155H,Intel,"4.80GHz,",NVIDIA®,Lenovo,69.170.000,64GB(2x,DDR5,3840x2400,16,2TB,1.82 kg
"3S1P,",8448MHz,EliteX1E,X,Snapdragon,"3.4GHz,",Qualcomm,Asus,34.990.000,32GB,LPDDR5X,2880 x 1620,15.6,1TB,1.42 kg
43Wh,3200MHz,7-150U,150U,Intel,"5.40GHz,",Intel®,HP,27.990.000,16GB,DDR4,1920 x 1080,14,512GB,1.51 kg
75Wh,5600MHz,Ultra7,155H,Intel,"4.80GHz,",NVIDIA®,Lenovo,55.420.000,64GB(2x,DDR5,1920x1200,16,1TB,1.82 kg
38Wh,3200MHz,i5,13420H,Intel,"4.60GHz,",Intel®,Lenovo,15.730.000,16GB,DDR4,1920x1080,14,512GB,1.43 kg
75Wh,5600MHz,Ultra7,155H,Intel,"4.80GHz,",NVIDIA®,Lenovo,59.630.000,64GB,DDR5,3072 x 1920,14.5,1TB,1.61kg
75Wh,5600MHz,Ultra7,155H,Intel,"4.80GHz,",NVIDIA®,Lenovo,55.990.000,32GB,DDR5,3072 x 1920,14.5,1TB,1.61kg
75Wh,5600MHz,Ultra7,155H,Intel,"4.80GHz,",NVIDIA®,Lenovo,66.990.000,96GB,DDR5,3072 x 1920,14.5,2TB,1.61kg
75Wh,5600MHz,Ultra7,155H,Intel,"4.80GHz,",NVIDIA®,Lenovo,54.990.000,64GB,DDR5,3072 x 1920,14.5,1TB,1.61kg
41Whrs,3200MHz,i7,1355U,Intel,"5.00GHz,",Intel®,HP,20.990.000,16GB,DDR4,1920 x 1080,15.6,1TB,1.7 kg
75Wh,5600MHz,Ultra7,155H,Intel,"4.80GHz,",NVIDIA®,Lenovo,50.690.000,32GB,DDR5,3072 x 1920,14.5,1TB,1.61kg
41Whrs,3200MHz,i7,1355U,Intel,"5.00GHz,",Intel®,HP,20.490.000,16GB,DDR4,1920 x 1080,15.6,512GB,1.7 kg
41Whrs,3200MHz,i7,1355U,Intel,"5.00GHz,",Intel®,HP,20.490.000,16GB,DDR4,1920 x 1080,15.6,512GB,1.7 kg
41Whrs,3200MHz,i7,1355U,Intel,"5.00GHz,",Intel®,HP,18.990.000,16GB,DDR4,1920 x 1080,15.6,256GB,1.7 kg
85WHr,7647MHz,Ultra5,125H,Intel,"4.50GHz,",Intel®,Lenovo,25.990.000,32GB,LPDDR5x,3072 x 1920,14.5,1TB,1.5 kg
85Wh,5600MHz,Ultra5,125H,Intel,"4.50GHz,",Intel,Lenovo,25.990.000,32GB,LPDDR5x,2560x1600,16,1TB,1.9 kg
56Wh,5600MHz,Ultra7,155H,Intel,"4.80GHz,",Intel,HP,32.990.000,16GB,DDR5,1920 x 1200,16,512GB,1.75 kg
56Wh,5600MHz,Ultra5,125H,Intel,"4.50GHz,",Intel,HP,28.080.000,16GB,DDR5,1920 x 1200,16,512GB,1.75 kg
59Wh,6400MHz,Ultra7,155U,Intel,"4.80GHz,",Intel®,HP,34.790.000,16GB,LPDDR5,2880 x 1800,14,1TB,Đèn nền bàn phím
41WHrs,6400MHz,i7,1360P,Intel,"5.00GHz,",Intel®,Lenovo,39.990.000,16GB,LPDDR5,1920x1200,13.3,512GB,1.12 kg
99.5Whr,7467MHz,Ultra7,155H,Intel,"4.80GHz,",Intel®,Dell,52.990.000,16GB,LPDDR5x,1920 x 1200,16.3,512GB,2.13 kg
59Wh,6400MHz,Ultra7,155U,Intel,"4.80GHz,",Intel®,HP,36.590.000,32GB,LPDDR5,2880 x 1800,14,1TB,1.34 kg
54WHrs,5600MHz,7,8840HS,AMD,"5.10GHz,",AMD,Dell,18.990.000,16GB,DDR5,2240x1400,14.0,512GB,1.54 kg
99.5Whr,7467MHz,Ultra7,155H,Intel,"4.80GHz,",Intel®,Dell,52.990.000,16GB,LPDDR5x,1920 x 1200,16.3,512GB,2.13 kg
41Whrs,3200MHz,i7,1355U,Intel,"5.00GHz,",Intel®,HP,19.990.000,16GB,DDR4,1920 x 1080,15.6,512GB,1.7 kg
41Whr,2666MHz,i3,1305U,Intel,"4.50GHz,",Intel,Dell,13.890.000,8GB,DDR4,1920 x 1080,15.6,512GB,1.85 kg
41Whrs,3200MHz,i7,1355U,Intel,"5.00GHz,",Intel®,HP,20.990.000,16GB,DDR4,1920 x 1080,15.6,1TB,1.7 kg
57Wh,4800MHz,i7,1355U,Intel,"5.00GHz,",Intel®,Lenovo,35.990.000,32GB,LPDDR5x,2240x1400,14,512GB,1.25 kg
54,4800MHz,i7,1360P,Intel,"5.00GHz,",Intel,Dell,21.990.000,16GB,LPDDR5,2560 x 1600,14.0,512GB,1.5 kg
47Wh,5200MHz,3-100U,100U,Intel,"4.70GHz,",Intel®,Lenovo,15.910.000,16GB,DDR5,1920x1080,15.6,512GB,1.61 kg
45WHr,5200MHz,i5,1335U,Intel,"4.60GHz,",Intel®,Lenovo,22.340.000,16GB(2x,DDR5,1920x1200,14.0,512GB,1.38 kg
47Wh,5200MHz,3-100U,100U,Intel,"4.70GHz,",Intel®,Lenovo,15.050.000,8GB,DDR5,1920x1080,15.6,512GB,1.61 kg
60WHr,5200MHz,i5,13420H,Intel,"4.60GHz,",Intel®,Lenovo,20.700.000,16GB(1x,DDR5,1920x1200,14.0,512GB,1.38 kg
54Whr,3200MHz,i7,1355U,Intel,"5.00GHz,",Intel,Dell,23.990.000,16GB,DDR4,1920 x 1080,15.6,1TB,1.62 kg
60WHr,5200MHz,i5,13500H,Intel,"4.70GHz,",Intel®,Lenovo,27.410.000,32GB(2x,DDR5,1920x1200,14.0,1TB,1.38 kg
"50WHrs,",3200MHz,i9,13900H,Intel,"5.40GHz,",Intel,Asus,24.990.000,16GB,DDR4,2880 x 1620,15.6,512GB,1.70 kg
"50WHrs,",3200MHz,i5,12500H,Intel,"4.5GHz,",Intel,Asus,17.990.000,16GB,DDR4,2880 x 1800,14,512GB,1.45 kg
59Wh,6400MHz,5,8640HS,AMD,"4.90GHz,",AMD,HP,18.990.000,16GB,LPDDR5,1920 x 1200,14,512GB,1.4 kg
45WHr,5200MHz,i5,1335U,Intel,"4.60GHz,",Intel®,Lenovo,23.430.000,16GB(2x,DDR5,1920x1200,14.0,1TB,1.38 kg
54WHrs,5200MHz,7,150U,Intel,"5.40GHz,",NVIDIA®,Dell,28.990.000,16GB,DDR5,1920 x 1200,16.0,1TB,Ice Blue (Xanh)
59Wh,6400MHz,Ultra7,155U,Intel,"4.80GHz,",Intel®,HP,36.590.000,32GB,LPDDR5,2880 x 1800,14,1TB,Đèn nền bàn phím
"3S1P,",8448MHz,EliteX1E,X,Snapdragon,"3.4GHz,",Qualcomm,Asus,34.990.000,32GB,LPDDR5X,2880 x 1620,15.6,1TB,1.42 kg
69.5Whr,6400MHz,Ultra7,155H,Intel,"4.80GHz,",Intel®,Dell,46.990.000,16GB,LPDDR5x,1920 x 1200,14.5,512GB,1.68 kg
57Wh,6400MHz,i7,1360P,Intel,"5.00GHz,",Intel®,Lenovo,40.990.000,16GB,DDR5,1920x1200,14,512GB,1.48 kg
47Wh,3200MHz,i5,13420H,Intel,"4.60GHz,",Intel®,Lenovo,20.580.000,8GB,DDR4,1920x1200,16.0,512GB,1.81 kg
59Wh,6400MHz,7,8840HS,AMD,"5.10GHz,",AMD,HP,33.990.000,16GB,LPDDR5,2880 x 1800,14,1TB,Đèn nền bàn phím
58WHrs,4800MHz,i3,1215U,Intel,"4.40GHz,",Intel®,Acer,10.490.000,8GB,DDR5,1920x1200,14.0,256GB,Silver (Bạc)
71Wh,7467MHz,Ultra5,125U,Intel,"4.30GHz,",Intel®,Lenovo,21.990.000,16GB,LPDDR5x,1920x1200,14.0,512GB,1.61 kg
47WH,3200MHz,i7,1355U,Intel,"5.00GHz,",Intel®,Lenovo,25.990.000,16GB,DDR4,1920x1200,14,512GB,1.43 kg
50Wh,,5,7530U,AMD,"4.50GHz,",AMD,Acer,18.490.000,16GB,LPDDR4X,1920 x 1080,14,512GB,1.2kg
85Wh,7500MHz,7,8845H,AMD,"5.10GHz,",AMD,Lenovo,25.990.000,32GB,LPDDR5,2560x1600,16.0,1TB,1.90 kg
52.5Wh,5600MHz,Ultra7,155H,Intel,"4.80GHz,",Intel®,Lenovo,33.990.000,16GB,DDR5,1920x1200,16.0,512GB,Black (Đen)
59Wh,6400MHz,Ultra5,125U,Intel,"4.30GHz,",Intel®,HP,31.290.000,16GB,LPDDR5,2880 x 1800,14,1TB,Đèn nền bàn phím
71Wh,5600MHz,7,8845H,AMD,"5.10GHz,",AMD,Lenovo,23.990.000,16GB,DDR5,2560x1600,16.0,1TB,1.70 kg
85Wh,5600MHz,Ultra5,125H,Intel,"4.50GHz,",Intel,Lenovo,22.990.000,16GB,DDR5,2560x1600,16.0,512GB,1.90 kg
85Wh,5600MHz,Ultra7,155H,Intel,"4.80GHz,",Intel,Lenovo,27.990.000,16GB,DDR5,2560x1600,16.0,512GB,1.90 kg
60Wh,5600MHz,7,8845H,AMD,"5.10GHz,",AMD,Lenovo,22.990.000,16GB,DDR5,2880x1800,14.0,1TB,1.38 kg
60Wh,5600MHz,Ultra5,125H,Intel,"4.50GHz,",Intel,Lenovo,22.990.000,16GB,DDR5,2880x1800,14.0,1TB,1.38 kg
71Wh,5600MHz,Ultra5,125H,Intel,"4.50GHz,",Intel,Lenovo,23.990.000,16GB,DDR5,2560x1600,16.0,1TB,1.70 kg
85Wh,5600MHz,Ultra7,155H,Intel,"4.80GHz,",Intel,Lenovo,29.990.000,32GB,DDR5,2560x1600,16.0,1TB,1.90 kg
71Wh,5600MHz,Ultra7,155H,Intel,"4.80GHz,",Intel,Lenovo,26.990.000,16GB,DDR5,2560x1600,16.0,1TB,1.70 kg
60WHr,5200MHz,i5,13420H,Intel,"4.60GHz,",Integrated,Lenovo,18.990.000,16GB(2x,DDR5,1920x1200,14.0,512GB,1.38 kg
71WHr,4800MHz,i5,12500H,Intel,"4.50GHz,",Intel,Lenovo,18.990.000,16GB,DDR5,2560×1600,16.0,512GB,1.70 kg
"50WHrs,",3200MHz,i7,13700H,Intel,"5.00GHz,",Intel,Asus,21.990.000,16GB,DDR4,2880 x 1620,15.6,512GB,1.70 kg
71Wh,4800MHz,i5,13500H,Intel,"4.70GHz,",Intel,Lenovo,21.990.000,16GB,DDR5,2560 x 1600,16.0,512GB,1.70 kg
58WHr,4800MHz,i5,1235U,Intel,"4.40GHz,",Intel®,Acer,13.990.000,16GB,DDR5,"WUXGA, 1920 x 1200",16,512GB,Iron Gray (Xám)
73WHrs,7467MHz,Ultra7,155H,Intel,"4.80GHz,",NVIDIA®,Lenovo,47.290.000,32GB,LPDDR5x,2880x1800,14.5,1TB,1.59 kg
85Wh,7500MHz,7,8845H,AMD,"5.10GHz,",AMD,Lenovo,23.990.000,16GB,LPDDR5,2560x1600,16.0,1TB,1.90 kg
52.5Wh,5600MHz,Ultra5,125U,Intel,"4.30GHz,",Intel®,Lenovo,33.930.000,16GB,DDR5,1920x1200,16.0,512GB,Black (Đen)
71WHr,5200MHz,i5,13420H,Intel,"4.60GHz,",Intel®,Lenovo,19.290.000,16GB,DDR5,1920x1200,16.0,512GB,1.70 kg
57Wh,6400MHz,Ultra7,155U,Intel,"4.80GHz,",Intel®,Lenovo,58.040.000,16GB,LPDDR5x,1920x1200,14.0,512GB,1.35 kg
57Wh,6400MHz,Ultra7,155U,Intel,"4.80GHz,",Intel®,Lenovo,61.100.000,32GB,LPDDR5x,1920x1200,14.0,1TB,1.35 kg
57Wh,6400MHz,Ultra7,155U,Intel,"4.80GHz,",Intel®,Lenovo,63.440.000,32GB,LPDDR5x,2880x1800,14.0,1TB,1.35 kg
57Wh,6400MHz,i7,1355U,Intel,"5.00GHz,",Intel®,Lenovo,63.520.000,32GB,LPDDR5,3840x2400,14,512GB,1.38 kg
57Wh,6400MHz,i7,1355U,Intel,"5.00GHz,",Intel®,Lenovo,61.880.000,16GB,LPDDR5,3840x2400,14,512GB,1.38 kg
51.5Wh,,7,7840U,AMD,"5.10GHz,",AMD,Lenovo,53.150.000,16GB,LPDDR5x,1920x1200,13.3,512GB,1.29 kg
41WHr,3200MHz,7-150U,150U,Intel,"5.40GHz,",Intel,HP,23.490.000,16GB,DDR4,1920 x 1080,15.6,512GB,1.59 kg
41WHr,5600MHz,Ultra7-155H,155H,Intel,"4.80GHz,",Intel®,HP,25.490.000,16GB,DDR5,1920 x 1080,15.6,1TB,1.59 kg
41WHr,3200MHz,7-150U,150U,Intel,"5.40GHz,",Intel,HP,24.490.000,16GB,DDR4,1920 x 1080,15.6,1TB,1.59 kg
41WHr,5600MHz,Ultra5-125H,125H,Intel,"4.50GHz,",Intel®,HP,21.590.000,16GB,DDR5,1920 x 1080,15.6,1TB,1.59 kg
57Wh,6400MHz,i7,1355U,Intel,"5.00GHz,",Intel®,Lenovo,63.340.000,16GB,LPDDR5,3840x2400,14,1TB,1.38 kg
52.5Wh,5600MHz,Ultra5,125U,Intel,"4.30GHz,",Intel®,Lenovo,31.930.000,32GB,DDR5,1920x1200,16.0,1TB,Black (Đen)
41WHr,5600MHz,Ultra7-155H,155H,Intel,"4.80GHz,",Intel®,HP,24.490.000,16GB,DDR5,1920 x 1080,15.6,512GB,1.59 kg
47Wh,5600MHz,Ultra5,125H,Intel,"4.50GHz,",Intel®,Lenovo,24.340.000,16GB,DDR5,1920x1200,14,512GB,1.44 kg
47Wh,5600MHz,Ultra5,125H,Intel,"4.50GHz,",Intel®,Lenovo,25.430.000,16GB,DDR5,1920x1200,14,1TB,1.44 kg
47Wh,5600MHz,Ultra5,125H,Intel,"4.50GHz,",Intel®,Lenovo,27.230.000,32GB,DDR5,1920x1200,14,1TB,1.44 kg
47Wh,5600MHz,Ultra5,125U,Intel,"4.30GHz,",Intel®,Lenovo,22.520.000,16GB,DDR5,1920x1200,14,512GB,1.44 kg
47Wh,5600MHz,Ultra5,125U,Intel,"4.30GHz,",Intel®,Lenovo,23.610.000,16GB,DDR5,1920x1200,14,1TB,1.44 kg
41WHr,3200MHz,5-120U,120U,Intel,"5.00GHz,",Intel,HP,20.790.000,16GB,DDR4,1920 x 1080,15.6,1TB,1.59 kg
47Wh,5600MHz,Ultra5,125U,Intel,"4.30GHz,",Intel®,Lenovo,24.890.000,16GB,DDR5,1920x1200,14,1TB,1.44 kg
47Wh,5600MHz,Ultra5,125U,Intel,"4.30GHz,",Intel®,Lenovo,26.680.000,32GB,DDR5,1920x1200,14,1TB,1.44 kg
47Wh,4800MHz,5,7535U,AMD,"4.55GHz,",AMD,Lenovo,21.060.000,16GB,DDR5,1920x1200,16.0,512GB,1.81 kg
47Wh,4800MHz,5,7535U,AMD,"4.55GHz,",AMD,Lenovo,22.890.000,16GB,DDR5,1920x1200,16.0,1TB,1.81 kg
46.5Wh,5600MHz,Ultra5,125H,Intel,"4.50GHz,",Intel®,Lenovo,24.890.000,16GB,DDR5,1920x1200,14,512GB,1.4 kg
47Wh,5600MHz,Ultra5,125U,Intel,"4.30GHz,",Intel®,Lenovo,23.790.000,16GB,DDR5,1920x1200,14,512GB,1.44 kg
46.5Wh,5600MHz,Ultra5,125U,Intel,"4.30GHz,",Intel®,Lenovo,23.790.000,16GB,DDR5,1920x1200,14,512GB,1.4 kg
46.5Wh,5600MHz,Ultra7,155H,Intel,"4.80GHz,",Intel®,Lenovo,32.480.000,32GB,DDR5,1920x1200,14,1TB,1.4 kg
46.5Wh,5600MHz,Ultra5,125H,Intel,"4.50GHz,",Intel®,Lenovo,27.790.000,32GB,DDR5,1920x1200,14,1TB,1.4 kg
46.5Wh,5600MHz,Ultra5,125U,Intel,"4.30GHz,",Intel®,Lenovo,26.680.000,32GB,DDR5,1920x1200,14,1TB,1.4 kg
71WHr,3200MHz,5,7530U,AMD,"4.50GHz,",AMD,Lenovo,23.070.000,16GB,DDR4,2560x1600,16.0,1TB,1.70 kg
46.5Wh,5600MHz,Ultra7,155H,Intel,"4.80GHz,",Intel®,Lenovo,33.210.000,16GB,DDR5,1920x1200,14,512GB,1.4 kg
46.5Wh,5600MHz,Ultra7,155H,Intel,"4.80GHz,",Intel®,Lenovo,29.590.000,16GB,DDR5,1920x1200,14,512GB,1.4 kg
50Wh,,7,5700U,AMD,"4.30GHz,",AMD,Acer,13.990.000,16GB,LPDDR4X,1920x1200,14,512GB,1.4 kg
38Wh,3200MHz,i5,13420H,Intel,"4.60GHz,",Intel®,Lenovo,15.590.000,16GB,DDR4,1920x1080,15.6,512GB,1.65 kg
57Wh,6400MHz,i7,1360P,Intel,"5.00GHz,",Intel®,Lenovo,36.990.000,16GB,DDR5,1920x1200,14,512GB,1.48 kg
57Wh,6400MHz,Ultra7,155H,Intel,"4.80GHz,",Intel®,Lenovo,53.390.000,16GB,LPDDR5x,1920x1200,14.0,512GB,1.09 kg
45Wh,5600MHz,Ultra5,125U,Intel,"4.30GHz,",Integrated,Lenovo,20.990.000,16GB,DDR5,1920x1200,14.0,512GB,1.38 kg
45Wh,5600MHz,Ultra5,125U,Intel,"4.30GHz,",Integrated,Lenovo,22.880.000,16GB,DDR5,1920x1200,14.0,512GB,1.38 kg
45Wh,5600MHz,Ultra5,125U,Intel,"4.30GHz,",Integrated,Lenovo,23.980.000,16GB,DDR5,1920x1200,14.0,1TB,1.38 kg
57Wh,6400MHz,Ultra7,155H,Intel,"4.80GHz,",Intel®,Lenovo,56.390.000,32GB,LPDDR5x,1920x1200,14.0,1TB,1.09 kg
45WHr,4800MHz,5,7535HS,AMD,"4.55GHz,",AMD,Lenovo,22.880.000,16GB,DDR5,1920x1200,16.0,1TB,1.70 kg
47Wh,5200MHz,7,150U,Intel,"5.40GHz,",Integrated,Lenovo,22.980.000,16GB,DDR5,1920x1080,14,512GB,1.37 kg
57Wh,3200MHz,i5,1335U,Intel,"4.60GHz,",Intel®,Lenovo,22.340.000,16GB,DDR4,1920x1200,14,512GB,1.43 kg
45WHr,4800MHz,5,7535HS,AMD,"4.55GHz,",AMD,Lenovo,21.790.000,16GB,DDR5,1920x1200,16.0,512GB,1.70 kg
54,4800MHz,i5,1340P,Intel,"4.60GHz,",Intel,Dell,19.990.000,16GB,LPDDR5,2560 x 1600,14.0,512GB,1.5 kg
57Wh,3200MHz,i5,1335U,Intel,"4.60GHz,",Intel®,Lenovo,21.610.000,8GB,DDR4,1920x1200,14,512GB,1.43 kg
57Wh,3200MHz,i5,1335U,Intel,"4.60GHz,",Intel®,Lenovo,20.340.000,8GB,DDR4,1920x1200,14,512GB,1.43 kg
47Wh,3200MHz,i5,13420H,Intel,"4.60GHz,",Intel®,Lenovo,19.050.000,8GB,DDR4,1920x1200,14,512GB,1.43 kg
47Wh,3200MHz,i5,13420H,Intel,"4.60GHz,",Intel®,Lenovo,19.670.000,16GB,DDR4,1920x1200,14,512GB,1.43 kg
47Wh,3200MHz,i5,13420H,Intel,"4.60GHz,",Intel®,Lenovo,20.340.000,8GB,DDR4,1920x1200,14,512GB,1.43 kg
47Wh,3200MHz,i5,13420H,Intel,"4.60GHz,",Intel®,Lenovo,21.320.000,16GB,DDR4,1920x1200,14,512GB,1.43 kg
99.5Whr,7467MHz,Ultra7,155H,Intel,"4.80GHz,",NVIDIA®,Dell,60.990.000,16GB,LPDDR5x,1920 x 1200,16.3,1TB,2.13 kg
55Whr,7467MHz,Ultra7,155H,Intel,"4.80GHz,",Intel®,Dell,38.990.000,32GB,LPDDR5X,1920 x 1200,13.4,512GB,1.19 kg
57Wh,7467MHz,Ultra5,125H,Intel,"4.50GHz,",Intel®,Lenovo,23.690.000,16GB,LPDDR5x,1920x1200,14.0,1TB,1.48 kg
99.5Whr,7467MHz,Ultra9,185H,Intel,"5.10GHz,",NVIDIA®,Dell,95.990.000,64GB,LPDDR5x,3840 x 2400,16.3,1TB,2.13 kg
99.5Whr,7467MHz,Ultra7,155H,Intel,"4.80GHz,",NVIDIA®,Dell,60.990.000,16GB,LPDDR5x,1920 x 1200,16.3,1TB,2.13 kg
99.5Whr,7467MHz,Ultra9,185H,Intel,"5.10GHz,",NVIDIA®,Dell,86.990.000,32GB,LPDDR5x,3840 x 2400,16.3,1TB,2.13 kg
99.5Whr,7467MHz,Ultra7,155H,Intel,"4.80GHz,",NVIDIA®,Dell,68.990.000,16GB,LPDDR5x,3840 x 2400,16.3,512GB,2.13 kg
99.5Whr,7467MHz,Ultra9,185H,Intel,"5.10GHz,",NVIDIA®,Dell,86.990.000,32GB,LPDDR5x,3840 x 2400,16.3,1TB,2.13 kg
99.5Whr,7467MHz,Ultra7,155H,Intel,"4.80GHz,",NVIDIA®,Dell,68.990.000,16GB,LPDDR5x,3840 x 2400,16.3,512GB,2.13 kg
99.5Whr,7467MHz,Ultra9,185H,Intel,"5.10GHz,",NVIDIA®,Dell,95.990.000,64GB,LPDDR5x,3840 x 2400,16.3,1TB,2.13 kg
69.5Whr,7467MHz,Ultra7,155H,Intel,"4.80GHz,",Intel®,Dell,62.990.000,32GB,LPDDR5x,3200 x 2000,14.5,1TB,1.68 kg
69.5Whr,6400MHz,Ultra7,155H,Intel,"4.80GHz,",Intel®,Dell,46.990.000,16GB,LPDDR5x,1920 x 1200,14.5,512GB,1.68 kg
69.5Whr,7467MHz,Ultra7,155H,Intel,"4.80GHz,",NVIDIA®,Dell,53.990.000,16GB,LPDDR5x,1920 x 1200,14.5,512GB,1.68 kg
69.5Whr,7467MHz,Ultra7,155H,Intel,"4.80GHz,",NVIDIA®,Dell,80.990.000,64GB,LPDDR5x,3200 x 2000,14.5,2TB,1.68 kg
69.5Whr,7467MHz,Ultra7,155H,Intel,"4.80GHz,",NVIDIA®,Dell,71.990.000,32GB,LPDDR5x,3200 x 2000,14.5,1TB,1.68 kg
"50WHrs,",3200MHz,i5,13500H,Intel,"4.70GHz,",Intel,ASUS,20.990.000,16GB,DDR4,2880x1620,15.6,512GB,1.64 kg
55Whr,7467MHz,Ultra7,155H,Intel,"4.80GHz,",Intel®,Dell,35.990.000,16GB,LPDDR5X,1920 x 1200,13.4,512GB,1.19 kg
59Wh,6400MHz,Ultra7,155U,Intel,"4.80GHz,",Intel®,HP,26.990.000,16GB,LPDDR5,1920 x 1200,14,1TB,1.4 kg
68Wh,6400MHz,Ultra5,125U,Intel,"4.30GHz,",Intel,HP,20.990.000,16GB,LPDDR5,1920 x 1200,16,512GB,1.87 kg
55Whr,7467MHz,Ultra5,125H,Intel,"4.50GHz,",Intel®,Dell,59.990.000,16GB,LPDDR5X,1920 x 1200,13.4,2TB,1.19 kg
54Whrs,5200MHz,5-120U,120U,Intel,"5.00GHz,",Intel®,Dell,23.490.000,16GB,DDR5,1920 x 1200,14.0,512GB,1.56 kg
57Wh,7500MHz,Ultra7,155H,Intel,"4.80GHz,",Intel®,Lenovo,56.990.000,32GB,LPDDR5x,1920x1200,14.0,512GB,1.08 kg
54Whrs,5200MHz,7-150U,150U,Intel,"5.40GHz,",Intel®,Dell,25.990.000,16GB,DDR5,1920 x 1200,14.0,512GB,1.56 kg
57Wh,7500MHz,Ultra7,155H,Intel,"4.80GHz,",Intel®,Lenovo,53.490.000,16GB,LPDDR5x,1920x1200,14.0,512GB,1.08 kg
75WHr,7467MHz,™,125H,Intel,"4.50GHz,",Intel®,Asus,19.990.000,8GB,LPDDR5,1920 x 1200,14.0,512GB,1.28 kg
"75WHrs,",7467MHz,Ultra7,155H,Intel,"4.80GHz,",Intel®,Asus,29.990.000,16GB,LPDDR5X,3200 x 2000,16.0,512GB,1.50 kg
75WHr,7467MHz,Ultra7,155H,Intel,"4.80GHz,",Intel®,Asus,25.990.000,16GB,LPDDR5X,1920 x 1200,14.0,1TB,1.28 kg
"63WHrs,",7467MHz,Ultra7,155U,Intel,"4.80GHz,",Intel®,Asus,44.990.000,32GB,LPDDR5x,2880 x 1800,13.3,1TB,Bazan Grey (Xám)
54WHrs,5200MHz,i5,1334U,Intel,"4.60GHz,",Intel,Dell,24.490.000,16GB,DDR5,1920 x 1200,16.0,512GB,Ice Blue (Xanh)
65Wh,6400MHz,Ultra5,125H,Intel,"4.50Ghz,",Intel,Acer,23.990.000,16GB,LPDDR5x,2880 x 1800,14,512GB,1.37 kg
54WHrs,5200MHz,7-150U,150U,Intel,"5.40GHz,",NVIDIA,Dell,32.790.000,16GB,DDR5,2560x1600,16.0,1TB,Ice Blue (Xanh)
65Wh,6400MHz,Ultra7,155H,Intel,"4.80GHz,",Intel,Acer,26.990.000,16GB,LPDDR5x,2880 x 1800,14,512GB,1.37 kg
50WHrs,4800MHz,i5,120U,Intel,"5.00GHz,",Intel®,Acer,15.990.000,16GB,LPDDR5,1920x1080,15.6,512GB,1.78 kg
69.5Wh,7467MHz,Ultra7,155H,Intel,"4.80GHz,",NVIDIA,Dell,78.990.000,64GB,LPDDR5X,3200 x 2000,14.5,1TB,1.74 kg
55Whr,7467MHz,Ultra5,125H,Intel,"4.50GHz,",Intel®,Dell,52.990.000,16GB,LPDDR5X,1920 x 1200,13.4,1TB,1.19 kg
54Whrs,5200MHz,5-120U,120U,Intel,"5.00GHz,",Intel®,Dell,24.990.000,16GB,DDR5,1920 x 1200,14.0,1TB,1.56 kg
54Whrs,5200MHz,7-150U,150U,Intel,"5.40GHz,",NVIDIA,Dell,29.990.000,16GB,DDR5,2240x1400,14.0,1TB,1.56 kg
54WHrs,5200MHz,5,120U,Intel,"5.00GHz,",Intel®,Dell,24.790.000,16GB,DDR5,1920 x 1200,16.0,1TB,Ice Blue (Xanh)
54Whrs,5200MHz,5-120U,120U,Intel,"5.00GHz,",NVIDIA,Dell,27.190.000,16GB,DDR5,2240x1400,14.0,512GB,1.56 kg
Cell,,i5,1334U,Intel,"4.60GHz,",Intel®,Dell,20.490.000,8GB,DDR5,1920 x 1200,14.0,512GB,1.67 kg
54WHrs,5200MHz,7-150U,150U,Intel,"5.40GHz,",Intel®,Dell,27.690.000,16GB,DDR5,1920 x 1200,16.0,1TB,Ice Blue (Xanh)
68,6400MHz,i7,1355U,Intel,"5.00GHz,",Intel®,HP,50.990.000,16GB,LPDDR5,1920 x 1280,13.5,1TB,0.99 kg
75Whr,6400MHz,Ultra7,155H,Intel,"4.80GHz,",Intel®,MSI,33.990.000,32GB,LPDDR5,2880 x 1800,13.3,1TB,Stellar Gray
41WHrs,,i5,1335U,Intel,"4.40GHz,",Intel®,Lenovo,30.990.000,16GB,,1920x1200,13.3,512GB,1.12 kg
50WHrs,3200MHz,i5,13500H,Intel,"4.7GHz,",Intel,Asus,20.990.000,16GB,DDR4,2880 x 1800,14,512GB,1.45 kg
"63Whr,",,i7,1355U,Intel,"5.10GHz,",Intel®,Asus,55.990.000,32GB,LPDDR5,2880 x 1800,14.0,1TB,0.99 kg
"63Whr,",,i7,1355U,Intel,"5.10GHz,",Intel®,Asus,49.990.000,16GB,LPDDR5,2880 x 1800,14.0,1TB,0.99 kg
42WHrs,3200MHz,i3,1315U,Intel,"4.50GHz,",Intel,Asus,11.990.000,8GB,DDR4,1920 x 1080,15.6,256GB,1.69 kg
54Whr,3200MHz,i7,1355U,Intel,"5.00GHz,",Intel,Dell,22.990.000,16GB,DDR4,1920 x 1080,15.6,512GB,1.62 kg
42WHrs,3200MHz,i5,1355U,Intel,"4.60GHz,",Intel,Asus,16.290.000,16GB,DDR4,1920 x 1080,15.6,512GB,1.69 kg
47Wh,4800MHz,i7,13620H,Intel,"4.90GHz,",Intel®,Lenovo,18.490.000,16GB,LPDDR5,1920x1080,14,512GB,1.37 kg
39.3WHr,3200MHz,i7,13700H,Intel,"5.00GHz,",Intel®,MSI,22.490.000,16GB,DDR4,1920x1080,15.6,1TB,1.80 Kg
51Wh,3200MHz,i5,1340P,Intel,"4.60GHz,",Intel,HP,23.590.000,16GB,DDR4,1920 x 1080,15.6,512GB,1.78 kg
41WHrs,3200MHz,i5,1335U,Intel,"4.60GHz,",Intel,Dell,19.990.000,16GB,DDR4,1920 x 1080,15.6,512GB,1.66 kg
57Wh,7467MHz,Ultra7,155H,Intel,"4.80GHz,",Intel®,Lenovo,28.690.000,32GB,LPDDR5x,1920x1200,14.0,1TB,1.46 kg
45WH,3200MHz,i7,1255U,Intel,"4.70GHz,",Intel,Lenovo,20.990.000,16GB,DDR4,1920x1080,14.0,512GB,1.64 kg
"50WHrs,",3200MHz,7,7730U,AMD,"4.50GHz,",AMD,ASUS,18.990.000,16GB,DDR4,1920 x 1080,15.6,512GB,1.60 kg
56WHrs,4800MHz,i7,13700H,Intel,"5.00GHz,",Intel,Acer,40.990.000,32GB,LPDDR5,2560x1600,14,1TB,1.2 kg
57Wh,3200MHz,i7,13700H,Intel,"5.00GHz,",Intel®,Lenovo,29.690.000,32GB,DDR4,1920x1200,16.0,1TB,1.81 kg
51Wh,3200MHz,i7,1355U,Intel,"5.00GHz,",Intel,HP,26.090.000,16GB,DDR4,1920 x 1080,14,512GB,1.37 kg
51Wh,3200MHz,i5,1335U,Intel,"4.60GHz,",Intel,HP,20.590.000,8GB,DDR4,1920 x 1080,14,256GB,1.37 kg
47WH,3200MHz,i7,1355U,Intel,"5.00GHz,",Intel®,Lenovo,25.690.000,16GB,DDR4,1920x1200,14,512GB,1.43 kg
57WH,3200MHz,i7,13700H,Intel,"5.00GHz,",Intel®,Lenovo,30.990.000,32GB,DDR4,1920x1200,14,1TB,1.43 kg
"42WHrs,",3200MHz,i5,1235U,Intel,"4.40GHz,",Intel,Asus,16.490.000,16GB,DDR4,1920 x 1080,15.6,512GB,1.70 kg
42WHrs,3200MHz,i3,1215U,Intel,"4.40GHz,",Intel,Asus,11.990.000,8GB,DDR4,1920 x 1080,14,512GB,1.4 kg
75WHrs,7467MHz,Ultra7,155U,Intel,"4.80GHz,",Intel,Lenovo,66.990.000,32GB,LPDDR5x,2880x1800,13.3,1TB,1.34 kg
75WHrs,7467MHz,Ultra7,155H,Intel,"4.80GHz,",Intel,Lenovo,47.990.000,16GB,LPDDR5x,2880x1800,14,1TB,1.32 kg
42WHrs,3200MHz,i7,1255U,Intel,"4.70GHz,",Intel,Asus,17.990.000,16GB,DDR4,1920 x 1080,14,512GB,1.4 kg
84WHrs,7467MHz,Ultra7,155H,Intel,"4.80GHz,",NVIDIA®,Lenovo,34.990.000,16GB,LPDDR5x,2048x1280,16.0,512GB,1.91 kg
"75WHrs,",7467MHz,Ultra5,125H,Intel,"4.50GHz,",Intel®,Asus,26.990.000,16GB,LPDDR5X,2880 x 1800,14.0,1TB,1.30 kg
51Wh,3200MHz,i3,1315U,Intel,"4.50GHz,",Intel,HP,16.390.000,8GB,DDR4,1920 x 1080,15.6,512GB,1.78 kg
71WHr,3200MHz,5,7530U,AMD,"4.50GHz,",AMD,Lenovo,21.970.000,16GB,DDR4,2560x1600,16.0,512GB,1.70 kg
51Wh,3200MHz,i3,1315U,Intel,"4.50GHz,",Intel,HP,15.590.000,8GB,DDR4,1920 x 1080,15.6,256GB,1.78 kg
50Wh,6400MHz,i5,1335U,Intel,"4.60GHz,",Intel®,Acer,15.990.000,8GB,LPDDR5,"WUXGA, 1920 x 1200",14,512GB,1.5 kg
40WHrs,4800MHz,i3,,Intel,"3.80GHz,",Intel,Acer,10.990.000,8GB,LPDDR5,1920 x 1080,15.6,512GB,1.7 kg
50Wh,4800MHz,i7,1355U,Intel,"5.00GHz,",Intel®,Acer,20.490.000,16GB,LPDDR5,1920 x 1080,15.6,1TB,1.7 kg
50Wh,4800MHz,i7,13620H,Intel,"4.90GHz,",Intel®,Acer,20.990.000,16GB,LPDDR5,1920 x 1080,15.6,512GB,1.7 kg
51Wh,3200MHz,i5,1335U,Intel,"4.60GHz,",Intel,HP,22.990.000,16GB,DDR4,1920 x 1080,14,512GB,1.37 kg
41Wh,3200MHz,i5,1335U,Intel,"4.60GHz,",Intel,HP,19.590.000,16GB,DDR4,1920 x 1080,14,512GB,1.47 kg
41WHr,3200MHz,i5,1335U,Intel,"4.60GHz,",Intel®,HP,18.390.000,8GB,DDR4,1920 x 1080,15.6,512GB,1.59 kg
76Wh,4800MHz,i7,13700H,Intel,"5.00GHz,",NVIDIA®,Acer,42.990.000,32GB,LPDDR5,"WQXGA+, 2880x1800",14.5,1TB,1.5 kg
50Wh,4800MHz,i5,13420H,Intel,"4.60GHz,",Intel®,Acer,17.490.000,16GB,LPDDR5,1920 x 1080,15.6,512GB,1.7 kg
41WHr,3200MHz,i5,1334U,Intel,"4.60GHz,",Intel®,HP,19.590.000,16GB,DDR4,1920 x 1080,15.6,512GB,1.59 kg
41Wh,3200MHz,i5,1335U,Intel,"4.60GHz,",Intel,HP,18.790.000,8GB,DDR4,1920 x 1080,14,512GB,1.47 kg
54Whr,3200MHz,i7,1355U,Intel,"5.00GHz,",Intel,Dell,22.990.000,16GB,DDR4,1920 x 1080,15.6,512GB,1.62 kg
42WHr,3200MHz,i5,1335U,Intel,"4.60GHz,",Intel,HP,23.590.000,16GB,DDR4,1920 x 1080,13.3,512GB,1.28 kg
41Wh,,i5,1335U,Intel,"4.60GHz,",Intel,Dell,18.990.000,16GB,DDR4,1920x1080,14,512GB,1.6 kg
66Whr,,i7,1255U,Intel,"4.70GHz,",Intel®,Asus,33.990.000,16GB,LPDDR5,1920x1080,14.0,1TB,1.01 kg
51Wh,3200MHz,i7,1355U,Intel,"5.00GHz,",Intel®,HP,25.890.000,8GB,DDR4,1920 x 1080,15.6,512GB,1.78 kg
39.3WHrs,5600MHz,i7,1355U,Intel,"5.00GHz,",Intel®,Lenovo,34.990.000,16GB,DDR5,1920x1200,14.0,512GB,1.32 Kg
47WH,3200MHz,i5,1335U,Intel,"4.60GHz,",Intel®,Lenovo,21.590.000,16GB,DDR4,1920x1200,14,512GB,1.53 kg
42WHr,3200MHz,i7,1355U,Intel,"5.00GHz,",Intel,HP,27.490.000,16GB,DDR4,1920x1080,13.3,512GB,1.28 kg
51Wh,3200MHz,i5,1335U,Intel,"4.60GHz,",Intel®,HP,21.590.000,8GB,DDR4,1920 x 1080,15.6,512GB,1.78 kg
42WHr,3200MHz,i7,1355U,Intel,"5.00GHz,",Intel,HP,26.790.000,8GB,DDR4,1920x1080,13.3,512GB,1.28 kg
42WHr,3200MHz,i7,1355U,Intel,"5.00GHz,",Intel,HP,27.790.000,16GB,DDR4,1920x1080,13.3,512GB,1.28 kg
42WHr,3200MHz,i5,1335U,Intel,"4.60GHz,",Intel,HP,22.790.000,8GB,DDR4,1920x1080,13.3,512GB,1.28 kg
42WHr,3200MHz,i5,1335U,Intel,"4.60GHz,",Intel,HP,24.390.000,16GB,DDR4,1920x1080,13.3,512GB,1.28 kg
51,6400MHz,i7,1355U,Intel,"5.00Ghz,",Intel,HP,47.990.000,16GB,LPDDR5,1920 x 1200,14,512GB,1.21 kg
84WHrs,,i5,1340P,Intel,"4.60GHz,",Intel,Asus,27.490.000,16GB,DDR5,3840 x 2400,16.0,512GB,1.50 kg
42WHrs,3200MHz,i5,1235U,Intel,"4.40GHz,",Intel,Asus,15.990.000,8GB,DDR4,1920 x 1080,15.6,256GB,1.69 kg
39.3WHrs,5600MHz,i5,1355U,Intel,"4.60GHz,",Intel®,Lenovo,29.490.000,16GB,DDR5,1920x1200,14.0,512GB,1.36 Kg
66,4266MHz,i5,1230U,Intel,"4.40GHz,",Intel,HP,28.790.000,8GB,LPDDR4x,2880 x 1800,13.3,512GB,"Bảo mật vân tay, Đèn nền bàn phím"
42WHrs,3200MHz,i5,1355U,Intel,"4.60GHz,",Intel,Asus,15.490.000,8GB,DDR4,1920 x 1080,15.6,512GB,1.69 kg
45WHr,5200MHz,i5,1335U,Intel,"4.60GHz,",Intel®,Lenovo,20.910.000,16GB(2x,DDR5,1920x1200,14.0,512GB,1.38 kg
60WHr,5200MHz,i5,13500H,Intel,"4.70GHz,",Intel®,Lenovo,24.520.000,16GB(2x,DDR5,1920x1200,14.0,512GB,1.38 kg
46.5Wh,3200MHz,i5,1340P,Intel,"4.60GHz,",Intel®,Lenovo,23.890.000,16GB,DDR4,1920x1080,15.6,512GB,1.77 kg
42WHrs,3200MHz,i7,1355U,Intel,"5.00GHz,",Intel®,Asus,18.490.000,8GB,DDR4,1920 x 1080,14.0,512GB,1.49 kg
42WHrs,3200MHz,i5,1235U,Intel,"4.40GHz,",Intel,Asus,14.444.000,8GB,DDR4,1920 x 1080,15.6,512GB,1.69 kg
60Wh,6000MHz,i7,1365U,Intel,"5.20GHz,",Intel,Dell,66.100.000,16GB,LPDDR5,2560x1600,14,512GB,1.53 kg
57Wh,4800MHz,i5,1355U,Intel,"4.60GHz,",Intel®,Lenovo,36.700.000,16GB,LPDDR5x,2240x1400,14,512GB,1.25 kg
42WHrs,3200MHz,i5,1335U,Intel,"4.60GHz,",Intel,Dell,19.990.000,8GB,DDR4,1920x1080,15.6,256GB,Black (Đen)
54WHrs,4266MHz,5,7530U,AMD,"4.50GHz,",AMD,Dell,17.990.000,8GB,LPDDR4x,1920x1200,16.0,512GB,Platinum Silver (Bạc)
65Wh,,i5,13500H,Intel,"4.70GHz,",Intel,Acer,24.590.000,16GB,LPDDR5,2880 x 1800,14,512GB,1.2kg
65Wh,,i7,13700H,Intel,"5.00GHz,",Intel,Acer,28.690.000,16GB,LPDDR5,2880 x 1800,14,512GB,1.2kg
54Whr,3200MHz,i5,1335U,Intel,"4.60GHz,",NVIDIA,Dell,21.490.000,16GB,DDR4,1920 x 1080,15.6,512GB,1.62 kg
42WHrs,3200MHz,i7,1355U,Intel,"5.00GHz,",Intel®,Asus,19.290.000,16GB,DDR4,1920 x 1080,14.0,512GB,1.49 kg
57Wh,6400MHz,i7,12700H,Intel,"4.70GHz,",Intel®,Acer,34.790.000,16GB,LPDDR5,2880 x 1800,14.0,1TB,1.4 kg
38Wh,3200MHz,i7,1355U,Intel,"5.00GHz,",Intel,Lenovo,19.710.000,8GB,DDR4,1920x1080,14,512GB,1.43 kg
38Wh,3200MHz,i7,1355U,Intel,"5.00GHz,",Intel,Lenovo,18.490.000,8GB,DDR4,1920x1080,14,512GB,1.43 kg
42WHrs,3200MHz,i5,1335U,Intel,"4.60GHz,",Intel®,Asus,15.490.000,8GB,DDR4,1920 x 1080,14.0,512GB,1.49 kg
57Wh,4800MHz,i5,1335U,Intel,"4.60GHz,",Intel®,Lenovo,30.490.000,16GB,LPDDR5x,2240x1400,14,512GB,1.25 kg
54WHrs,4800MHz,i7,1360P,Intel,"5.00GHz,",NVIDIA,Dell,33.390.000,16GB,LPDDR5,1920 x 1200,16.0,512GB,Platinum Silver (Bạc)
41Wh,2666MHz,i5,1335U,Intel,"4.60GHz,",NVIDIA®,Dell,20.990.000,8GB,DDR4,1920x1080,14,512GB,1.6 kg
54WHrs,3200MHz,i7,1355U,Intel,"5.00GHz,",NVIDIA®,Dell,24.490.000,8GB,DDR4,1920 x 1080,15.6,512GB,1.66kg
54WHrs,4800MHz,i5,1335U,Intel,"4.60GHz,",Intel,Dell,22.990.000,8GB,LPDDR5,1920 x 1080,16.0,512GB,Platinum Silver (Bạc)
54WHrs,4800MHz,i5,1340P,Intel,"4.60GHz,",NVIDIA,Dell,29.290.000,16GB,LPDDR5,2560 x 1600,14.0,512GB,1.5 kg
65WHrs,5200MHz,i7,13700H,Intel,"5.00GHz,",Intel®,Lenovo,26.890.000,16GB,LPDDR5x,1920x1200,14.0,512GB,1.35 kg
50Wh,6400MHz,i7,1355U,Intel,"5.00GHz,",Intel,Acer,19.990.000,16GB,LPDDR5,1920 x 1200,14,512GB,1.5 kg
50Wh,4800MHz,i7,1355U,Intel,"5.00GHz,",Intel®,Acer,19.990.000,16GB,LPDDR5,1920 x 1080,15.6,512GB,1.7 kg
50Wh,5200MHz,i7,1355U,Intel,"5.00GHz,",Intel®,Acer,24.590.000,16GB,LPDDR5,1920 x 1200,14,512GB,1.6 kg
50Wh,5200MHz,i5,1335U,Intel,"4.60GHz,",Intel®,Acer,20.990.000,16GB,LPDDR5,1920 x 1200,14,512GB,1.6 kg
41WHrs,3200MHz,i5,1335U,Intel,"4.60GHz,",Intel,Dell,17.990.000,8GB,DDR4,1920 x 1080,15.6,256GB,1.66 kg
50Wh,3200MHz,i5,13420H,Intel,"4.60GHz,",NVIDIA®,Acer,20.490.000,8GB,DDR4,1920 x 1080,15.6,512GB,1.7 kg
39.3WHrs,5200MHz,i7,1360P,Intel,"5.00GHz,",Intel,Lenovo,34.990.000,16GB,DDR5,1920x1200,14.0,512GB,1.4 Kg
Blue,5200MHz,i3,,Intel,"3.80GHz,",Intel®,Acer,10.790.000,8GB,LPDDR5,1920 x 1080,14,512GB,50Wh
41Wh,3200MHz,i3,,Intel,"3.80GHz,",Intel,HP,11.590.000,8GB,DDR4,1920 x 1080,14,256GB,1.47 kg
50Wh,4800MHz,i5,1335U,Intel,"4.60GHz,",Intel,Acer,16.990.000,16GB,LPDDR5,1920 x 1080,15.6,512GB,1.7 kg
41Wh,,i3,,Intel,"3.80GHz,",Intel,HP,10.990.000,4GB,DDR4,1920 x 1080,14,256GB,1.47 kg
52.5Wh,,i7,1360P,Intel,"5.00GHz,",NVIDIA®,Lenovo,40.280.000,16GB,LPDDR5x,1920x1200,16,512GB,1.70 kg
52.5Wh,,i5,1340P,Intel,"4.60GHz,",NVIDIA®,Lenovo,37.180.000,16GB,LPDDR5x,2240x1400,14,512GB,1.34 kg
46.5Wh,3200MHz,i7,1360P,Intel,"5.00GHz,",Intel®,Lenovo,28.500.000,16GB,DDR4,1920 x 1080,14,512GB,1.4 kg
38Wh,3200MHz,i3,1315U,Intel,"4.50GHz,",Intel,Lenovo,13.650.000,8GB,DDR4,1920x1080,15.6,512GB,1.65 kg
38Wh,3200MHz,i3,1315U,Intel,"4.50GHz,",Intel,Lenovo,12.430.000,8GB,DDR4,1920x1080,15.6,512GB,1.65 kg
38Wh,,i7,1355U,Intel,"5.00GHz,",Intel,Lenovo,19.790.000,16GB,DDR4,1920x1080,14,512GB,1.43 kg
41WHr,3200MHz,i7,1355U,Intel,"5.00GHz,",Intel®,HP,22.490.000,16GB,DDR4,1920 x 1080,15.6,512GB,1.59 kg
66WHrs,4266MHz,i7,1355U,Intel,"5.00GHz,",Intel®,HP,49.990.000,16GB,LPDDR4x,3000 x 2000,13.5,1TB,1.36kg
51Wh,3200MHz,i5,1340P,Intel,"4.60GHz,",Intel,HP,22.690.000,8GB,DDR4,1920 x 1080,14,512GB,1.37 kg
41Whrs,3200MHz,i7,1355U,Intel,"5.00GHz,",NVIDIA,HP,26.590.000,16GB(8GBx2),DDR4,1920x1080,15.6,512GB,1.74 kg
41WHr,3200MHz,i5,1335U,Intel,"4.60GHz,",Intel®,HP,19.590.000,16GB,DDR4,1920 x 1080,15.6,512GB,1.59 kg
41WHr,3200MHz,i7,1355U,Intel,"5.00GHz,",Intel®,HP,21.690.000,8GB,DDR4,1920 x 1080,15.6,512GB,1.59 kg
"42WHrs,",3200MHz,i3,1215U,Intel,"4.40GHz,",Intel,Asus,12.990.000,8GB,DDR4,1920 x 1080,15.6,512GB,1.70 kg
41WHrs,3200MHz,i3,1215U,Intel,"4.40GHz,",Intel®,HP,12.590.000,8GB,DDR4,1920 x 1080,14,256GB,1.46kg
41WHrs,3200MHz,i3,1215U,Intel,"4.40GHz,",Intel®,HP,13.390.000,8GB,DDR4,1920 x 1080,14,512GB,1.46kg
41Whrs,3200MHz,i5,1335U,Intel,"4.60GHz,",Intel,HP,21.290.000,16GB(8GBx2),DDR4,1920x1080,15.6,512GB,1.74 kg
41Whrs,3200MHz,i5,1335U,Intel,"4.60GHz,",Intel,HP,19.990.000,8GB(4GBx2),DDR4,1920x1080,15.6,512GB,1.74 kg
41Whrs,3200MHz,i5,1335U,Intel,"4.60GHz,",Intel,HP,21.290.000,16GB(8GBx2),DDR4,1920x1080,15.6,512GB,1.74 kg
41Whrs,3200MHz,i7,1355U,Intel,"5.00GHz,",Intel,HP,25.290.000,16GB(8GBx2),DDR4,1920x1080,15.6,512GB,1.74 kg
47Wh,3200MHz,5,7530U,AMD,"4.50GHz,",AMD,Lenovo,16.990.000,8GB,DDR4,1920x1080,14.0,512GB,1.17 kg
47WH,3200MHz,i7,1355U,Intel,"5.00GHz,",Intel®,Lenovo,25.690.000,16GB,DDR4,1920x1200,16.0,512GB,1.97 kg
51Wh,3200MHz,i3,1315U,Intel,"4.50GHz,",Intel,HP,16.990.000,8GB,DDR4,1920 x 1080,14,256GB,1.38 kg
Cell,4800MHz,i5,1335U,Intel,"4.60GHz,",Intel,Dell,24.990.000,8GB,LPDDR5,1920 x 1200,14.0,512GB,1.6 kg
51Wh,3200MHz,i5,1335U,Intel,"4.60GHz,",Intel,HP,21.490.000,8GB,DDR4,1920 x 1080,14,512GB,1.37 kg
47WH,3200MHz,i7,1355U,Intel,"5.00GHz,",Intel®,Lenovo,24.090.000,16GB,DDR4,1920x1200,14,512GB,1.43 kg
51Wh,3200MHz,i7,1360P,Intel,"5.00GHz,",Intel,HP,27.490.000,16GB,DDR4,1920 x 1080,14,512GB,1.37 kg
51Wh,3200MHz,i5,1335U,Intel,"4.60GHz,",Intel,HP,20.590.000,8GB,DDR4,1920 x 1080,14,256GB,
50WHrs,3200MHz,i5,13500H,Intel,"4.7GHz,",Intel,Asus,19.790.000,16GB,DDR4,2880 x 1800,14,512GB,1.45 kg
51Wh,3200MHz,i5,1335U,Intel,"4.60GHz,",Intel,HP,21.890.000,16GB,DDR4,1920 x 1080,14,512GB,1.37 kg
63WHrs,3200MHz,i9,13900H,Intel,"5.40GHz,",Intel,ASUS,26.990.000,16GB(8GB,DDR4,2.8K,14.0,512GB,1.40 kg
"42WHrs,",3200MHz,i3,1315U,Intel,"4.50GHz,",Intel,Asus,13.690.000,8GB,DDR4,1920 x 1080,15.6,512GB,1.70 kg
90Wh,,i7,1360P,Intel,"5.00GHz,",NVIDIA,LG,39.990.000,16GB,LPDDR5,2560x1600,16,512GB,1299 g
41Whr,2666MHz,i5,1335U,Intel,"4.60GHz,",Intel,Dell,17.990.000,8GB,DDR4,1920 x 1080,15.6,512GB,1.85 kg
"42WHrs,",5500MHz,5,7520U,AMD,"4.30GHz,",AMD,Asus,14.490.000,16GB,LPDDR5,1920 x 1080,14,512GB,1.38 kg
41Whr,2666MHz,i3,1305U,Intel,"4.50GHz,",Intel,Dell,13.890.000,8GB,DDR4,1920 x 1080,15.6,512GB,1.85 kg
43Wh,3200MHz,i7,1355U,Intel,"5.0GHz,",Intel,HP,26.990.000,16GB,DDR4,1920 x 1080,14-,1TB,1.52 kg
80Wh,,i5,1340P,Intel,"4.60GHz,",Intel,LG,43.990.000,16GB,LPDDR5,3200x2000,16,512GB,1250g
41Wh,2666MHz,i5,1335U,Intel,"4.60GHz,",Intel,Dell,17.690.000,8GB,DDR4,1920x1080,14,512GB,1.6 kg
75Whr,4800MHz,i7,1360P,Intel,"5.00GHz,",Intel®,MSI,33.990.000,16GB,LPDDR5,1920x1200,13.3,1TB,Stellar Gray
"42WHrs,",,5,7520U,AMD,"4.30GHz,",AMD,Asus,14.490.000,16GB,LPDDR5,1920 x 1080,15.6,512GB,1.8 kg
50Wh,,i5,1235U,Intel,"4.40GHz,",Intel,Acer,19.990.000,8GB,DDR4,1920 x 1080,14.0,512GB,1.4 kg
45WH,3200MHz,i7,1255U,Intel,"4.70GHz,",Intel,Lenovo,23.790.000,8GB,DDR4,1920x1080,14.0,256GB,1.64 kg
56WHrs,4267MHz,i5,1240P,Intel,"4.40GHz,",Intel®,Acer,24.790.000,16GB,LPDDR4X,2560 x 1440,14.0,512GB,1.25 kg
backlight,3200MHz,i7,1255U,Intel,"4.70GHz,",Intel,MSI,20.490.000,8GB,DDR4,1920 x 1080,14.0,512GB,3Cell 39.3WHr
40Wh,,i5,1235U,Intel,"4.40GHz,",Intel,Acer,17.990.000,8GB,DDR4,1920 x 1080,15.6,512GB,1.7 kg
43WHrs,3200MHz,i5,1235U,Intel,"4.40GHz,",Intel,HP,19.690.000,8GB,DDR4,1920 x 1080,14,512GB,1.41 kg
43WHrs,3200MHz,i5,1235U,Intel,"4.40GHz,",Intel,HP,18.690.000,8GB,DDR4,1920 x 1080,14,256GB,1.41 kg
"42WHrs,",3200MHz,i5,1335U,Intel,"4.60GHz,",Intel,Asus,18.490.000,16GB,DDR4,1920 x 1080,15.6,512GB,1.70 kg
43WHrs,3200MHz,i5,1235U,Intel,"4.40GHz,",Intel,HP,18.690.000,8GB,DDR4,1920 x 1080,14,256GB,1.41 kg
3Cell,4800MHz,i3,1315U,Intel,"4.50GHz,",Intel,Acer,12.990.000,8GB,DDR5,1920 x 1200,14.0,512GB,1.5 kg
kg,4800MHz,i7,13700H,Intel,"5.00GHz,",NVIDIA®,MSI,47.990.000,16GB,LPDDR5,2560x1600,16,1TB,4Cell 81.77Whr
40Wh,5200MHz,i3,,Intel,"3.80GHz,",Intel,Acer,11.790.000,8GB,DDR5,1920 x 1080,14.0,512GB,1.4 kg
40Wh,5200MHz,5,7520U,AMD,"4.30GHz,",AMD,Acer,13.290.000,8GB,DDR5,1920 x 1080,14.0,512GB,1.4 kg
54Wh,4800MHz,i7,1360P,Intel,"5.00GHz,",NVIDIA,Dell,31.990.000,16GB,LPDDR5,1920 x 1200,16.0,512GB,1.85kg
41WHrs,2666MHz,i5,1335U,Intel,"4.60GHz,",Intel,Dell,18.990.000,8GB,DDR4,1920 x 1080,15.6,512GB,1.66 kg
47WH,3200MHz,i5,1340P,Intel,"4.60GHz,",Intel®,Lenovo,23.490.000,16GB,DDR4,1920x1200,16.0,512GB,1.97 kg
52.5Wh,5200MHz,i5,1335U,Intel,"4.60GHz,",Intel,Lenovo,30.060.000,16GB,DDR5,1920x1200,16.0,512GB,Thunder Black (Đen)
47WH,3200MHz,i5,1335U,Intel,"4.60GHz,",Intel®,Lenovo,22.190.000,16GB,DDR4,1920x1200,14,512GB,1.53 kg
51,6400MHz,i7,1355U,Intel,"5.00Ghz,",Intel,HP,48.990.000,16GB,LPDDR5,1920 x 1200,14,1TB,1.21 kg
41Whrs,3200MHz,i5,1335U,Intel,"4.60GHz,",NVIDIA,HP,22.290.000,16GB,DDR4,1920x1080,15.6,512GB,1.74 kg
41Whrs,3200MHz,i3,1315U,Intel,"4.50GHz,",Intel,HP,15.290.000,8GB,DDR4,1920x1080,15.6,256GB,1.74 kg
41WHrs,3200MHz,i5,1335U,Intel,"4.60GHz,",Intel®,HP,19.590.000,16GB(2x8GB),DDR4,1920 x 1080,14,512GB,1.40kg
41WHrs,3200MHz,i7,1355U,Intel,"5.00GHz,",Intel®,HP,21.990.000,16GB(2x8GB),DDR4,1920 x 1080,14,512GB,1.40kg
47Wh,4800MHz,i5,12450H,Intel,"4.40GHz,",Intel®,Lenovo,15.990.000,16GB,LPDDR5,1920x1080,14,512GB,1.37 kg
41Whrs,3200MHz,i7,1355U,Intel,"5.00GHz,",Intel,HP,23.990.000,8GB,DDR4,1920x1080,15.6,512GB,1.74 kg
57Wh,4800MHz,i7,1355U,Intel,"5.00GHz,",Intel®,Lenovo,34.762.000,16GB,LPDDR5x,2240x1400,14,512GB,1.25 kg
41Wh,3200MHz,i5,1335U,Intel,"4.60GHz,",Intel,HP,17.990.000,8GB,DDR4,1920 x 1080,14,256GB,1.47 kg
41Wh,3200MHz,i7,1355U,Intel,"5.00GHz,",Intel,HP,20.990.000,8GB,DDR4,1920 x 1080,14,512GB,1.47 kg
41Whrs,3200MHz,i7,1355U,Intel,"5.00GHz,",Intel,HP,25.290.000,16GB(8GBx2),DDR4,1920x1080,15.6,512GB,1.74 kg
41Wh,3200MHz,i3,1315U,Intel,"4.50GHz,",Intel,HP,12.990.000,8GB,DDR4,1920 x 1080,14,256GB,1.47 kg
41Whrs,3200MHz,i3,1315U,Intel,"4.50GHz,",Intel,HP,15.290.000,8GB,DDR4,1920x1080,15.6,256GB,1.74 kg
53Wh,3200MHz,i5,12450H,Intel,"4.40GHz,",Intel®,Acer,16.990.000,16GB,DDR4,1920 x 1080,15.6,512GB,2.1 kg
50Wh,,i7,12650H,Intel,"4.70GHz,",Intel®,Acer,20.490.000,16GB,DDR4,1920 x 1080,15.6,512GB,2.1 kg
50Wh,6400MHz,i5,1335U,Intel,"4.60GHz,",Intel,Acer,16.990.000,16GB,LPDDR5,1920 x 1200,14,512GB,1.5 kg
41Wh,2666MHz,i3,1305U,Intel,"4.50GHz,",Intel,Dell,15.990.000,8GB,DDR4,1920x1080,15.6,512GB,1.66 kg
38Wh,3200MHz,i3,1315U,Intel,"4.50GHz,",Intel,Lenovo,13.130.000,8GB,DDR4,1920x1080,15.6,256GB,1.65 kg
38Wh,3200MHz,i3,1315U,Intel,"4.50GHz,",Intel,Lenovo,11.930.000,8GB,DDR4,1920x1080,15.6,256GB,1.65 kg
55WHr,,i7,1355U,Intel,"5.00GHz,",Intel,HP,24.990.000,16GB,LPDDR5,1920 x 1080,15.6,512GB,1.91 kg
kg,4800MHz,i7,1355U,Intel,"5.00GHz,",Intel,Dell,37.990.000,16GB,LPDDR5,1920x1080,13.3,512GB,Xám
64WHr,4800MHz,i7,13620H,Intel,"4.90GHz,",Intel®,Dell,23.990.000,16GB,LPDDR5,2560 x 1600,14.0,1TB,1.66 kg
50Wh,,5,7530U,AMD,"4.50GHz,",AMD,Acer,19.490.000,16GB,LPDDR4X,1920 x 1080,14,1TB,1.2kg
51WHrs,3200MHz,i5,1335U,Intel,"4.60GHz,",Intel®,HP,24.590.000,16GB,DDR4,1920 x 1080,14.0,512GB,1.41 kg
51WHrs,3200MHz,i7,1355U,Intel,"5.00GHz,",Intel®,HP,27.490.000,16GB,DDR4,1920 x 1080,14.0,512GB,1.41 kg
50Wh,,i3,1305U,Intel,"4.50GHz,",Intel,Acer,12.990.000,8GB,LPDDR5,1920 x 1080,15.6,512GB,1.7kg
50Wh,4800MHz,i9,13900H,Intel,"5.40GHz,",Intel,Acer,23.990.000,16GB,LPDDR5,1920 x 1080,15.6,512GB,1.7 kg
38Wh,3200MHz,i3,1315U,Intel,"4.50GHz,",Intel®,Lenovo,13.690.000,8GB,DDR4,1920x1080,14,512GB,1.43 kg
41WHrs,4800MHz,i7,1355U,Intel,"5.00GHz,",Intel®,Lenovo,38.890.000,16GB,LPDDR5,1920x1200,13.3,512GB,1.12 kg
51Wh,3200MHz,i5,1335U,Intel,"4.60GHz,",Intel,HP,21.490.000,8GB,DDR4,1920 x 1080,14,512GB,1.37 kg
41Wh,3200MHz,i7,1355U,Intel,"5.00GHz,",Intel,HP,21.990.000,16GB,DDR4,1920 x 1080,14,512GB,1.47 kg
56.6Wh,4800MHz,i5,12450H,Intel,"4.40GHz,",Intel®,Lenovo,16.990.000,16GB,LPDDR5,1920x1200,14.0,512GB,1.46 kg
57Wh,4800MHz,i7,1355U,Intel,"5.00GHz,",Intel®,Lenovo,49.990.000,32GB,LPDDR5x,1920x1200,14,512GB,1.48 kg
52.5Wh,,i7,1360P,Intel,"5.00GHz,",NVIDIA®,Lenovo,42.770.000,32GB,LPDDR5x,1920x1200,16,1TB,1.70 kg
41Wh,3200MHz,i7,1355U,Intel,"5.00GHz,",Intel,HP,20.990.000,8GB,DDR4,1920 x 1080,14,512GB,1.47 kg
57Wh,3200MHz,i5,13500H,Intel,"4.70GHz,",Intel®,Lenovo,21.990.000,16GB,DDR4,1920x1200,16.0,512GB,1.81 kg
90Wh,5600MHz,i7,13700H,Intel,"5.00GHz,",NVIDIA®,Lenovo,55.670.000,32GB,DDR5,1920x1200,16,1TB,2.20 kg
"75WHrs,",7467MHz,Ultra5,125H,Intel,"4.50GHz,",Intel®,Asus,28.990.000,16GB,LPDDR5X,2880 x 1800,14.0,512GB,Bạc
57Wh,7467MHz,Ultra7,155H,Intel,"4.80GHz,",Intel®,Lenovo,27.690.000,32GB,LPDDR5x,1920x1200,14.0,512GB,1.48 kg
57Wh,7467MHz,Ultra7,155H,Intel,"4.80GHz,",Intel®,Lenovo,27.690.000,32GB,LPDDR5x,2048x1280,16.0,512GB,1.82 kg
57Wh,7467MHz,Ultra5,125H,Intel,"4.50GHz,",Intel®,Lenovo,22.690.000,16GB,LPDDR5x,1920x1200,14.0,512GB,1.48 kg
"75WHrs,",7467MHz,Ultra7,155H,Intel,"4.80GHz,",Intel®,Asus,34.990.000,32GB,LPDDR5X,2880 x 1800,14.0,1TB,Blue
"75WHrs,",7467MHz,Ultra9,185H,Intel,"5.10GHz,",Intel®,Asus,36.990.000,32GB,LPDDR5X,2880 x 1800,14.0,1TB,Blue
99Whr,6400MHz,Ultra9,185H,Intel,"5.10GHz,",NVIDIA®,MSI,55.990.000,32GB,LPDDR5,3840x2400,16,1TB,1.60 kg
52.5Wh,,i7,1360P,Intel,"5.00GHz,",NVIDIA®,Lenovo,41.340.000,32GB,LPDDR5x,1920x1200,16,512GB,1.70 kg
65WHrs,7467MHz,Ultra7,155H,Intel,"4.80GHz,",Intel®,Lenovo,30.990.000,32GB,LPDDR5x,1920x1200,14.0,512GB,1.40 kg
39.3WHr,3200MHz,i7,13700H,Intel,"5.00GHz,",Intel®,MSI,21.990.000,16GB,DDR4,1920x1200,14.0,1TB,1.60 Kg
Cell,4800MHz,i5,1340P,Intel,"4.60GHz,",Intel,Dell,21.990.000,16GB,LPDDR5,1920 x 1200,14.0,512GB,1.5 kg
41Whr,2666MHz,i5,1334U,Intel,"4.60GHz,",Intel,Dell,17.990.000,8GB,DDR4,1920 x 1080,15.6,512GB,1.85 kg
41Wh,3200MHz,i3,,Intel,"3.80GHz,",Intel,HP,11.690.000,16GB,DDR4,1366x768,14,512GB,1.47 kg
39.3WHrs,5200MHz,i7,1360P,Intel,"5.00GHz,",Intel,Lenovo,37.990.000,16GB,DDR5,1920x1200,14.0,512GB,1.36 Kg
57Wh,7467MHz,Ultra5,125H,Intel,"4.50GHz,",Intel®,Lenovo,23.690.000,16GB,LPDDR5x,2048x1280,16.0,512GB,1.82 kg
71WHrs,7467MHz,Ultra7,155H,Intel,"4.80GHz,",Intel®,Lenovo,30.990.000,16GB,LPDDR5x,1920x1200,14.0,512GB,1.49 kg
57Wh,5200MHz,5,120U,Intel,"5.00GHz,",Integrated,Lenovo,22.690.000,32GB,LPDDR5x,1920x1200,15.3,512GB,1.79 kg
47WH,3200MHz,i5,1335U,Intel,"4.60GHz,",Intel®,Lenovo,19.990.000,8GB,DDR4,1920x1200,16.0,512GB,1.81 kg
60WHr,5200MHz,i5,13500H,Intel,"4.70GHz,",Integrated,Lenovo,23.250.000,16GB(1x,DDR5,1920x1200,14.0,512GB,1.38 kg
72Wh,6400MHz,Ultra7,155H,Intel,"4.80GHz,",Intel®,LG,41.390.000,16GB,LPDDR5X,1920x1200,14,512GB,1120 g
77Wh,7467MHz,Ultra7,155H,Intel,"4.80GHz,",Intel®,LG,45.490.000,16GB,LPDDR5X,2560 x 1600,16,512GB,1199 g
58WHrs,4800MHz,i5,1235U,Intel,"4.40GHz,",Intel®,Acer,14.990.000,16GB,DDR5,1920x1200,14.0,512GB,Silver (Bạc)
36.7WHr,3200MHz,i5,1155G7,Intel,"4.50GHz,",Intel,Acer,12.990.000,8GB,DDR4,1920 x 1080,15.6,512GB,Gray (Xám)
41WHr,3200MHz,i3,1215U,Intel,"4.40GHz,",Intel,HP,13.390.000,8GB,DDR4,1920 x 1080,15.6,512GB,1.7 kg
45Whr,3200MHz,5,7530U,AMD,"4.50GHz,",AMD,Lenovo,16.990.000,16GB(1x,DDR4,1920x1200,14.0,512GB,1.38 kg
63WHrs,5600MHz,Ultra7,155H,Intel,"4.80GHz,",Intel®,Asus,31.990.000,16GB,DDR5,1920 x 1200,14.0,512GB,1.40 kg
38Wh,5500MHz,5,7520U,AMD,"4.30GHz,",AMD,Lenovo,14.350.000,16GB,LPDDR5,1920x1080,15.6,512GB,1.65 kg
73WHrs,7467MHz,Ultra7,155H,Intel,"4.80GHz,",NVIDIA®,Lenovo,47.290.000,32GB,LPDDR5x,2880x1800,14.5,1TB,1.59 kg
71Wh,3200MHz,7,7730U,AMD,"4.50GHz,",AMD,Lenovo,22.990.000,16GB(1x,DDR4,2560x1600,16,512GB,1.70 kg
47Wh,5600MHz,Ultra5,125H,Intel,"4.50GHz,",Intel®,Lenovo,24.160.000,16GB,DDR5,1920x1200,14,1TB,1.44 kg
47Wh,3200MHz,i5,13420H,Intel,"4.60GHz,",Intel®,Lenovo,22.160.000,16GB,DDR4,1920x1200,14,1TB,1.43 kg
38Wh,3200MHz,i5,13420H,Intel,"4.60GHz,",Intel®,Lenovo,15.090.000,8GB,DDR4,1920x1080,15.6,512GB,1.65 kg
46.5Wh,5600MHz,Ultra7,155U,Intel,"4.80GHz,",Intel®,Lenovo,28.500.000,16GB,DDR5,1920x1200,14,512GB,1.4 kg
46.5Wh,5600MHz,Ultra7,155U,Intel,"4.80GHz,",Intel®,Lenovo,31.390.000,32GB,DDR5,1920x1200,14,1TB,1.4 kg
47Wh,5600MHz,Ultra5,125H,Intel,"4.50GHz,",Intel®,Lenovo,23.070.000,16GB,DDR5,1920x1200,14,512GB,1.44 kg
52.5Wh,5600MHz,Ultra5,125H,Intel,"4.50GHz,",Intel®,Lenovo,32.300.000,32GB,DDR5,1920x1200,16.0,1TB,Black (Đen)
52.5Wh,5600MHz,Ultra5,125H,Intel,"4.50GHz,",Intel®,Lenovo,30.500.000,16GB,DDR5,1920x1200,16.0,1TB,Black (Đen)
52.5Wh,5600MHz,Ultra5,125U,Intel,"4.30GHz,",Intel®,Lenovo,29.050.000,16GB,DDR5,1920x1200,16.0,512GB,Black (Đen)
52.5Wh,5600MHz,Ultra5,125H,Intel,"4.50GHz,",Intel®,Lenovo,29.410.000,16GB,DDR5,1920x1200,16.0,512GB,Black (Đen)
51.5Wh,,7,7840U,AMD,"5.10GHz,",AMD,Lenovo,54.790.000,32GB,LPDDR5x,1920x1200,13.3,1TB,1.29 kg
41WHr,3200MHz,5-120U,120U,Intel,"5.00GHz,",Intel,HP,19.990.000,16GB,DDR4,1920 x 1080,15.6,512GB,1.59 kg
51.5Wh,,7,7840U,AMD,"5.10GHz,",AMD,Lenovo,60.190.000,64GB,LPDDR5x,1920x1200,13.3,1TB,1.29 kg
52.5Wh,5600MHz,Ultra5,125U,Intel,"4.30GHz,",Intel®,Lenovo,30.140.000,16GB,DDR5,1920x1200,16.0,1TB,Black (Đen)
41WHrs,4400MHz,i5,1334U,Intel,"4.60GHz,",Intel,Dell,21.490.000,16GB,DDR5,1920 x 1200,14.0,512GB,1.69 kg
54Whrs,5200MHz,7-150U,150U,Intel,"5.40GHz,",Intel,Dell,26.490.000,16GB,DDR5,1920 x 1200,14.0,1TB,1.56 kg
77Wh,7467MHz,Ultra7,155H,Intel,"4.80GHz,",Intel®,LG,49.290.000,16GB,LPDDR5X,2560 x 1600,"17""",1TB,1350 g
55Whr,7467MHz,Ultra7,155H,Intel,"4.80GHz,",Intel®,Dell,63.990.000,16GB,LPDDR5X,2560x1600,13.4,1TB,1.243 kg
60Whr,7467MHz,Ultra7,155H,Intel,"4.80GHz,",Intel®,LG,46.500.000,16GB,LPDDR5X,1920 x 1080,"15.6""",512GB,990 g
57Wh,6400MHz,7,8845HS,AMD,"5.10GHz,",AMD,Lenovo,23.190.000,16GB,LPDDR5x,1920x1200,14.0,512GB,1.48 kg
79.6Whr,7467MHz,Ultra7,155H,Intel,"4.80GHz,",Intel®,LG,51.490.000,16GB,LPDDR5X,2880 x 1800,16,512GB,1199g
57Wh,6400MHz,Ultra5,125H,Intel,"4.50GHz,",Intel®,Lenovo,52.990.000,32GB,LPDDR5x,1920x1200,14.0,1TB,1.09 kg
54.7Wh,6400MHz,Ultra5,125H,Intel,"4.50GHz,",Intel®,Lenovo,31.990.000,16GB,LPDDR5x,1920x1200,13.3,512GB,1.17 kg
47Wh,3200MHz,i5,13420H,Intel,"4.60GHz,",Intel®,Lenovo,19.490.000,16GB,DDR4,1920x1200,16.0,512GB,1.81 kg
76WHrs,6400MHz,Ultra7,155H,Intel,"4.80GHz,",NVIDIA®,Acer,47.490.000,32GB,LPDDR5X,"WQXGA+, 2880x1800",14.5,1TB,1.5 kg
50Wh,4800MHz,i3,,Intel,"3.80GHz,",Intel®,Acer,10.990.000,8GB,LPDDR5,1920x1080,15.6,512GB,1.75 kg
76WHrs,6400MHz,Ultra7,155H,Intel,"4.80GHz,",NVIDIA®,Acer,53.990.000,32GB,LPDDR5X,"WQXGA+, 2880x1800",14.5,1TB,1.5 kg
42WHrs,3200MHz,i7,1355U,Intel,"5.00GHz,",Intel,Dell,27.990.000,16GB,DDR4,1920 x 1080,14,512GB,Grayish Black
76WHrs,6400MHz,Ultra7,155H,Intel,"4.80GHz,",NVIDIA®,Acer,44.990.000,32GB,LPDDR5X,"WQXGA+, 2880x1800",14.5,1TB,1.5 kg
42WHrs,3200MHz,i5,1335U,Intel,"4.60GHz,",Intel,Dell,21.290.000,16GB,DDR4,1920x1080,15.6,512GB,Black (Đen)
42WHrs,3200MHz,i5,1235U,Intel,"4.40GHz,",Intel,Dell,19.190.000,16GB,DDR4,1920x1080,15.6,512GB,Black (Đen)
38Wh,3200MHz,i5,13420H,Intel,"4.60GHz,",Intel®,Lenovo,14.990.000,16GB,DDR4,1920x1080,14,512GB,1.43 kg
52.5WHrs,5600MHz,Ultra5,125U,Intel,"4.30GHz,",Intel,Lenovo,31.990.000,16GB,DDR5,1920x1200,14.0,512GB,1.36 Kg
42WHrs,3200MHz,i7,1355U,Intel,"5.00GHz,",Intel,Dell,26.390.000,16GB,DDR4,1920x1080,15.6,512GB,Black (Đen)
41Wh,,i5,1235U,Intel,"4.40GHz,",Intel,Dell,17.990.000,16GB,DDR4,1920 x 1080,15.6,512GB,1.85 kg
41Whrs,3200MHz,i7,1355U,Intel,"5.00GHz,",Intel®,HP,21.990.000,32GB,DDR4,1920 x 1080,15.6,1TB,1.7 kg
41Whrs,3200MHz,i7,1355U,Intel,"5.00GHz,",Intel®,HP,21.490.000,16GB,DDR4,1920 x 1080,15.6,1TB,1.7 kg
90Wh,5600MHz,i7,13700H,Intel,"5.00GHz,",NVIDIA®,Lenovo,68.720.000,32GB,DDR5,3840x2400,16,1TB,2.20 kg
52.5Wh,,i5,1340P,Intel,"4.60GHz,",NVIDIA®,Lenovo,36.120.000,16GB,LPDDR5x,1920x1200,16,512GB,1.70 kg
52.5Wh,7500MHz,i7,1360P,Intel,"5.00GHz,",NVIDIA®,Lenovo,42.440.000,32GB,LPDDR5x,2240x1400,14,512GB,1.34 kg
86Wh,4800MHz,i5,13420H,Intel,"4.60GHz,",Intel,Dell,21.990.000,16GB,DDR5,2560x1600,16,1TB,2.06 kg
41Whrs,3200MHz,i7,1355U,Intel,"5.00GHz,",Intel®,HP,21.490.000,16GB,DDR4,1920 x 1080,15.6,1TB,1.7 kg
54WHr,5200MHz,7,150U,Intel,"5.40GHz,",Intel®,Dell,22.990.000,16GB,DDR5,1920 x 1200,14.0,1TB,1.71 kg
41Whrs,3200MHz,i7,1355U,Intel,"5.00GHz,",Intel®,HP,21.490.000,16GB,DDR4,1920 x 1080,15.6,1TB,1.7 kg
45Whr,3200MHz,7,7730U,AMD,"4.50GHz,",AMD,Lenovo,19.990.000,16GB(1x,DDR4,1920x1200,14.0,512GB,1.38 kg
85WHr,7500MHz,7,8845H,AMD,"5.10GHz,",AMD,Lenovo,25.590.000,32GB,LPDDR5x,2560 x 1600,14.5,1TB,1.5 kg
71Wh,5200MHz,i7,1355U,Intel,"5.00GHz,",Intel®,Lenovo,24.990.000,16GB,DDR5,1920x1200,16,512GB,1.7 kg
"75WHrs,",7467MHz,Ultra7,155H,Intel,"4.80GHz,",Intel®,Asus,29.990.000,16GB,LPDDR5X,2880 x 1800,14.0,512GB,1.30 kg
75Wh,5600MHz,Ultra7,155H,Intel,"4.80GHz,",NVIDIA®,Lenovo,49.990.000,32GB,DDR5,3072 x 1920,14.5,512GB,1.61kg
71Wh,5200MHz,i5,13420H,Intel,"4.60GHz,",Intel®,Lenovo,20.590.000,16GB,DDR5,1920x1200,16,512GB,1.7 kg
68Wh,7467MHz,Ultra7,155H,Intel,"4.80GHz,",Intel®,HP,36.990.000,16GB,LPDDR5x,2880 x 1800,14,1TB,1.4 kg
52.5WHrs,5600MHz,Ultra5,125H,Intel,"4.50GHz,",Intel®,Lenovo,30.990.000,16GB,DDR5,1920x1200,14.0,512GB,1.36 Kg
75Wh,5600MHz,Ultra7,155H,Intel,"4.80GHz,",NVIDIA®,Lenovo,49.190.000,64GB(2x,DDR5,1920x1200,16,1TB,1.82 kg
75Wh,5600MHz,Ultra7,155H,Intel,"4.80GHz,",NVIDIA®,Lenovo,51.800.000,32GB(1x,DDR5,1920x1200,16,1TB,1.82 kg
57Wh,6400MHz,7,8845H,AMD,"5.10GHz,",AMD,Lenovo,18.990.000,16GB,LPDDR5X,1920x1200,14,512B,1.46kg
75Wh,5600MHz,Ultra5,125H,Intel,"4.50GHz,",NVIDIA®,Lenovo,46.730.000,32GB(2x,DDR5,1920x1200,16,1TB,1.82 kg
75Wh,5600MHz,Ultra5,125H,Intel,"4.50GHz,",NVIDIA®,Lenovo,43.640.000,16GB(1x,DDR5,1920x1200,16,512GB,1.82 kg
75Wh,5600MHz,Ultra7,155H,Intel,"4.80GHz,",NVIDIA®,Lenovo,43.820.000,16GB(1x,DDR5,1920x1200,16,512GB,1.82 kg
75Wh,5600MHz,Ultra5,125H,Intel,"4.50GHz,",NVIDIA®,Lenovo,40.690.000,32GB(2x,DDR5,1920x1200,16,1TB,1.82 kg
75Wh,5600MHz,Ultra7,155H,Intel,"4.80GHz,",NVIDIA®,Lenovo,46.920.000,32GB(1x,DDR5,1920x1200,16,1TB,1.82 kg
56Wh,5600MHz,Ultra5-125U,125U,Intel,"4.30GHz,",Intel®,HP,24.990.000,16GB(1x16GB),DDR5,1920 x 1200,13.3,512GB,Silver (Bạc)
75Wh,5600MHz,Ultra5,125H,Intel,"4.50GHz,",NVIDIA®,Lenovo,40.390.000,32GB(2x,DDR5,1920x1200,16,512GB,1.82 kg
56Wh,5600MHz,Ultra5-125U,125U,Intel,"4.30GHz,",Intel®,HP,23.990.000,16GB(1x16GB),DDR5,1920 x 1200,13.3,512GB,Silver (Bạc)
56Wh,5600MHz,Ultra5-125U,125U,Intel,"4.30GHz,",Intel®,HP,27.890.000,16GB(1x16GB),DDR5,1920 x 1200,13.3,512GB,Silver (Bạc)
56Wh,5600MHz,Ultra7-155U,155U,Intel,"4.80GHz,",Intel®,HP,30.990.000,16GB(1x16GB),DDR5,1920 x 1200,13.3,512GB,Silver (Bạc)
56Wh,5600MHz,Ultra5-125U,125U,Intel,"4.30GHz,",Intel®,HP,28.890.000,16GB(1x16GB),DDR5,1920 x 1200,13.3,512GB,Silver (Bạc)
56Wh,5600MHz,Ultra7-155U,155U,Intel,"4.80GHz,",Intel®,HP,29.390.000,16GB(1x16GB),DDR5,1920 x 1200,13.3,512GB,Silver (Bạc)
56Wh,5600MHz,Ultra7-155U,155U,Intel,"4.80GHz,",Intel®,HP,31.990.000,16GB(1x16GB),DDR5,1920 x 1200,13.3,512GB,Silver (Bạc)
43Wh,3200MHz,5,120U,Intel,"5.00GHz,",Intel®,HP,24.990.000,16GB,DDR4,1920 x 1080,14,512GB,1.51 kg
57Wh,7467MHz,Ultra7,155H,Intel,"4.80GHz,",Intel®,Lenovo,26.890.000,16GB,LPDDR5x,1920x1200,14.0,512GB,1.46 kg
43Wh,3200MHz,7-150U,150U,Intel,"5.40GHz,",Intel®,HP,28.300.000,16GB,DDR4,1920 x 1080,14,512GB,1.51 kg
56Wh,5600MHz,Ultra7-155U,155U,Intel,"4.80GHz,",Intel®,HP,28.390.000,16GB(1x16GB),DDR5,1920 x 1200,13.3,512GB,Silver (Bạc)
52.5WHrs,5600MHz,Ultra7,155U,Intel,"4.80GHz,",Intel®,Lenovo,34.490.000,16GB,DDR5,1920x1200,14.0,512GB,1.36 Kg
54WHr,5200MHz,7,150U,Intel,"5.40GHz,",Intel®,Dell,36.990.000,16GB,DDR5,1920 x 1200,14.0,1TB,1.74 kg
52.5Wh,7500MHz,i7,1360P,Intel,"5.00GHz,",NVIDIA®,Lenovo,47.390.000,32GB,LPDDR5x,1920x1200,16,1TB,1.70 kg
57Wh,5600MHz,Ultra9,185H,Intel,"5.10GHz,",NVIDIA®,Lenovo,55.990.000,32GB,DDR5,1920x1200,16,512GB,1.61 kg
73WHrs,7500MHz,AI9,,AMD,"5.00GHz,",AMD,Lenovo,41.990.000,32GB,LPDDR5x,2880x1800,14.5,1TB,1.54 kg
1.46kg,6400MHz,7,8745H,AMD,"4.90GHz,",AMD,Lenovo,22.990.000,24GB,LPDDR5X,2880×1800,14,1TB,Xám
75Wh,5600MHz,Ultra5,125H,Intel,"4.50GHz,",NVIDIA®,Lenovo,40.490.000,32GB,DDR5,1920x1200,14.5,1TB,1.61kg
70Whr,5200MHz,i7,12700H,Intel,"4.70GHz,",NVIDIA®,Lenovo,26.990.000,16GB,LPDDR5,3072x1920,14.5,512GB,1.45 kg
56Wh,5600MHz,Ultra7,155H,Intel,"4.80GHz,",Intel,HP,28.990.000,16GB,DDR5,1920 x 1200,16,512GB,1.75 kg
68Wh,7467MHz,Ultra7,155H,Intel,"4.80GHz,",Intel®,HP,45.990.000,32GB,LPDDR5x,2880 x 1800,14,2TB,1.4 kg
42Wh,5600MHz,Ultra5,125U,Intel,"4.30GHz,",Intel®,Dell,26.990.000,16GB,DDR5,1920x1080,14.0,512GB,1.40 kg
55Whr,7467MHz,Ultra5,125H,Intel,"4.50GHz,",Intel®,Dell,56.990.000,16GB,LPDDR5X,2560 x 1600,13.4,2TB,1.19 kg
54WHrs,6400MHz,Ultra5,135U,Intel,"4.40GHz,",Intel,Dell,38.490.000,16GB,LPDDR5,1920x1200,13.3,512GB,1.15 kg
47Wh,5200MHz,5,120U,Intel,"5.00GHz,",Integrated,Lenovo,18.490.000,16GB,DDR5,1920x1080,14,256GB,1.37 kg
Wh,6400MHz,Ultra7,155H,Intel,"4.80GHz,",Intel®,Dell,23.990.000,16GB,LPDDR5X,1920x1200,16,1TB,2.18 kg
54.7Wh,6400MHz,Ultra5-125U,125U,Intel,"4.30GHz,",Intel®,Lenovo,31.990.000,16GB,LPDDR5x,1920x1200,13.3,512GB,1.17 kg
58Whr,4800MHz,Ultra7,155U,Intel,"4.80GHz,",Intel®,Acer,22.990.000,16GB,DDR5X,1920 x 1200,14,512GB,1.27 kg
57Wh,6400MHz,Ultra7,165U,Intel,"4.90GHz,",Intel®,Lenovo,65.390.000,64GB,LPDDR5x,2880x1800,14.0,1TB,1.09 kg
47Wh,5200MHz,7,150U,Intel,"5.40GHz,",Integrated,Lenovo,22.490.000,16GB,DDR5,1920x1080,14,512GB,1.37 kg
47Wh,5600MHz,Ultra5,125U,Intel,"4.30GHz,",Intel®,Lenovo,23.790.000,16GB,DDR5,1920x1200,16.0,512GB,1.81 kg
56Wh,7500MHz,Ultra5,135U,Intel,"4.40GHz,",Intel®,HP,49.990.000,16GB,LPDDR5x,1920 x 1200,13.3,512,"Fingerprint, LED Keyboard"
56Wh,7500MHz,Ultra7,165U,Intel,"4.90GHz,",Intel®,HP,57.990.000,16GB,LPDDR5x,1920 x 1200,13.3,512GB,"Fingerprint, LED Keyboard"
41Wh,2666MHz,i5,1235U,Intel,"4.40GHz,",Intel,Dell,16.190.000,16GB,DDR4,1920 x 1080,15.6,512GB,1.90 kg
47Wh,5600MHz,Ultra7,155H,Intel,"4.80GHz,",Intel®,Lenovo,28.890.000,16GB,DDR5,1920x1200,14,512GB,1.44 kg
47Wh,3200MHz,i5,13420H,Intel,"4.60GHz,",Intel®,Lenovo,20.890.000,16GB,DDR4,1920x1200,16.0,512GB,1.81 kg
47Wh,5600MHz,Ultra7,155U,Intel,"4.80GHz,",Intel®,Lenovo,28.390.000,16GB,DDR5,1920x1200,14,512GB,1.44 kg
38Wh,3200MHz,i5,13420H,Intel,"4.60GHz,",Intel®,Lenovo,13.990.000,8GB,DDR4,1920x1080,15.6,512GB,1.65 kg
58Wh,6400MHz,Ultra5,125U,Intel,"4.30GHz,",Intel®,Lenovo,35.390.000,16GB,LPDDR5x,1920x1200,14.0,512GB,1.24 kg
57Wh,6400MHz,Ultra7,155H,Intel,"4.80GHz,",Intel®,Lenovo,58.490.000,32GB,LPDDR5x,2880x1800,14.0,1TB,1.09 kg
47Wh,3200MHz,7,7730U,AMD,"4.50GHz,",AMD,Lenovo,16.390.000,16GB,DDR4,1920x1080,15.6,512GB,1.62 kg
"75WHrs,",7467MHz,Ultra5,125H,Intel,"4.50GHz,",Intel®,ASUS,28.990.000,16GB,LPDDR5X,2880 x 1800,14.0,512GB,Ponder Blue
47Wh,5200MHz,5,120U,Intel,"5.00GHz,",Intel®,Lenovo,19.990.000,16GB,DDR5,1920x1080,15.6,512GB,1.61 kg
