Title,Now Price,Link,Manufacturer,html_file,CPU manufacturer,CPU,CPU Speed (GHz),RAM (GB),RAM Type,Storage (GB),Screen Size (inch),Screen Resolution,Refresh Rate (Hz),GPU manufacturer,GPU,Weight (kg),Battery,Charging
"Laptop Asus Vivobook 15 X1504ZA-NJ517W i5-1235U/16GB/512GB/15.6"" FHD/Win11",13.990.000 ₫,https://fptshop.com.vn//may-tinh-xach-tay/asus-vivobook-15-x1504za-nj517w-i5-1235u,asus,data/laptop_html/asus+1.html,Intel,1235U,1.3 ,16 GB (2 thanh 8 GB),DDR4,512 ,15.6 inch,1920 x 1080 Pixels,60 ,Intel,Iris Xe,1.7 kg,42 WHrs,45 W
"Laptop Asus Vivobook X1504VA-NJ526W i5 1335U/16GB/512GB SSD/15.6"" FHD/Win11",15.490.000 ₫,https://fptshop.com.vn//may-tinh-xach-tay/asus-vivobook-x1504va-nj526w-i5-1335u,asus,data/laptop_html/asus+2.html,Intel,1335U,1.3 ,16 GB (2 thanh 8 GB),DDR4,512 ,15.6 inch,FHD (1920 x 1080),60 Hz,Intel,Iris Xe,1.7 kg,42 Wh,45 W
"Laptop Asus TUF Gaming FA506NFR-HN006W R7 7435HS/16GB/512GB/15.6"" FHD/Nvidia GeForce RTX2050 4GB/Win11 ",17.990.000 ₫,https://fptshop.com.vn//may-tinh-xach-tay/asus-tuf-gaming-fa506nfr-hn006w-r7-7435hs,asus,data/laptop_html/asus+3.html,AMD,7435HS,3.1 ,16 GB (1 thanh 16 GB),DDR5,512 ,15.6 inch,1920 x 1080 Pixels,144 ,NVIDIA,Geforce RTX 2050,2.3 kg,48 Wh,150 W
Laptop Asus TUF Gaming A15 FA506NF-HN005W R5 7535HS/8GB/512GB/15.6' FHD/Nvidia RTX2050 4GB/Win11,15.990.000 ₫,https://fptshop.com.vn//may-tinh-xach-tay/asus-tuf-gaming-a15-fa506nf-hn005w-r5-7535hs,asus,data/laptop_html/asus+4.html,AMD,7535HS,3.3 ,8 GB (1 thanh 8 GB),DDR5,512 ,15.6 inch,1920 x 1080 Pixels,144 ,NVIDIA,Geforce RTX 2050,2.3 kg,48 WHrs,150 W
"Laptop Asus Vivobook E1404FA-NK186W R5 7520U/16GB/512GB/14"" FHD/Win11",12.190.000 ₫,https://fptshop.com.vn//may-tinh-xach-tay/asus-vivobook-e1404fa-nk186w-r5-7520u,asus,data/laptop_html/asus+5.html,AMD,7520U,2.8 Ghz,16 GB,LPDDR5,512 GB,14.0 inch,1920 x 1080 Pixels,60 Hz,AMD,Radeon,1.3 kg,42 Wh,NA
"Laptop ASUS Vivobook 14 OLED A1405ZA-KM264W i5-12500H/16GB/512GB/14"" 2.8K/Win11",15.990.000 ₫,https://fptshop.com.vn//may-tinh-xach-tay/asus-vivobook-14-oled-a1405za-km264w,asus,data/laptop_html/asus+6.html,Intel,12500H,2.5 ,16 GB (2 thanh 8 GB),DDR4,512 ,14 inch,2880 x 1800 Pixels,90 ,Intel,Iris Xe,1.6 kg,50 Wh,65 W
Laptop Asus Vivobook X1504ZA-NJ1039W i7-1255U/16GB/512GB/15.6'' FHD/Win11,15.990.000 ₫,https://fptshop.com.vn//may-tinh-xach-tay/asus-vivobook-x1504za-nj1039w-i7-1255u,asus,data/laptop_html/asus+7.html,Intel,1255U,1.7 ,16 GB (2 thanh 8 GB),DDR4,512 ,15.6 inch,1920 x 1080 Pixels,60 ,Intel,Iris Xe,1.7 kg,42 WHrs,45 W
"Laptop Asus TUF Gaming FX507ZC4-HN095W i5 12500H/16GB/512GB/15.6""/Nvidia RTX3050 4GB/Win11",20.290.000 ₫,https://fptshop.com.vn//may-tinh-xach-tay/asus-tuf-gaming-fx507zc4-hn095w-i5-12500h,asus,data/laptop_html/asus+8.html,Intel,12500H,2.5 Ghz,16 GB (2 thanh 8 GB),DDR4,512 GB,15.6 inch,1920 x 1080 Pixels,144 Hz,NVIDIA,GeForce RTX 3050,2.2 kg,56 Wh,200 W
"Laptop Asus TUF Gaming FA507NUR-LP101W R7-7435HS/16GB/512GB/15.6""/GeForce RTX4050 6GB/Win11",24.990.000 ₫,https://fptshop.com.vn//may-tinh-xach-tay/asus-tuf-gaming-fa507nur-lp101w-r7-7435hs,asus,data/laptop_html/asus+9.html,AMD,7435HS,3.1 ,16 GB (1 thanh 16 GB),DDR5,512 ,15.6 inch,1920 x 1080 Pixels,144 ,NVIDIA,GeForce RTX 4050,2.2 kg,90 WHrs,240 W
"Laptop Asus Vivobook X1404ZA-NK387W i3 1215U/8GB/512GB/14"" FHD/Win11",9.990.000 ₫,https://fptshop.com.vn//may-tinh-xach-tay/asus-vivobook-x1404za-nk387w-i3-1215u,asus,data/laptop_html/asus+10.html,Intel,1215U,1.2 ,8 GB (1 thanh 8 GB),DDR4,512 ,14 inch,FHD (1920 x 1080),60 Hz,Intel,UHD,1.4 kg,42 Wh,45 W
"Laptop Asus Gaming Vivobook K3605ZF-RP634W i5-12500H/16GB/512GB/16""/Nvidia GeForce RTX2050 4GB/Win11",17.390.000 ₫,https://fptshop.com.vn//may-tinh-xach-tay/asus-gaming-vivobook-k3605zf-rp634w-i5-12500h,asus,data/laptop_html/asus+11.html,Intel,12500H,2.5 ,16 GB (1 thanh 16 GB),DDR4,512 ,16 inch,1920 x 1200 Pixels,144 ,NVIDIA,Geforce RTX 2050,1.8 kg,50 Whr,120 W
"Laptop Asus Gaming Vivobook K3605ZC-RP564W i5-12500H/16GB/512GB/16""/Nvidia GeForce RTX3050 4GB/Win11",19.390.000 ₫,https://fptshop.com.vn//may-tinh-xach-tay/asus-vivobook-gaming-k3605zc-rp564w-i5-12500h,asus,data/laptop_html/asus+12.html,Intel,12500,2.5 ,16 GB (1 thanh 16 GB),DDR4,512 ,16 inch,1920 x 1200 Pixels,144 ,NVIDIA,GeForce RTX 3050,1.8 kg,50 Whr,120 W
Laptop Asus Vivobook 15 OLED A1505VA-MA466W i5-13500H/16GB/512GB/15.6'' 2.8K/Win11,17.990.000 ₫,https://fptshop.com.vn//may-tinh-xach-tay/asus-vivobook-15-oled-a1505va-ma466w-i-5-13500h,asus,data/laptop_html/asus+13.html,Intel,13500H,2.6 ,16 GB (2 thanh 8 GB),DDR4,512 ,15.6 inch,2880 x 1620 Pixels,120 ,Intel,Iris Xe,1.7 kg,50 WHrs,65 W
"Laptop Asus TUF Gaming FA507NVR-LP091W R7-7435HS/AI/16GB/512GB/15.6"" 144Hz/GeForce RTX4060 8GB/Win11",26.990.000 ₫,https://fptshop.com.vn//may-tinh-xach-tay/asus-tuf-gaming-fa507nvr-lp091w-r7-7435hs,asus,data/laptop_html/asus+14.html,AMD,7435HS,3.1 ,16 GB (1 thanh 16 GB),DDR5,512 ,15.6 inch,1920 x 1080 Pixels,144 ,NVIDIA,GeForce RTX 4060,2.2 kg,90 WHrs,240 W
Laptop Asus Vivobook 15 OLED A1505VA-L1113W i5 13500H/16GB/512GB/15.6'FHD/Win11,17.390.000 ₫,https://fptshop.com.vn//may-tinh-xach-tay/asus-vivobook-a1505va-l1113w-i5-13500h,asus,data/laptop_html/asus+15.html,Intel,13500H,2.6 Ghz,16 GB,DDR4,512 GB,15.6 inch,1920 x 1080 Pixels,60 Hz,Intel,UHD,1.7 kg,50 Wh,65 W
"Laptop Asus Vivobook 16 X1605ZA-MB193W i3 1215U/8GB/512GB/16"" WUXGA/Win11",10.190.000 ₫,https://fptshop.com.vn//may-tinh-xach-tay/asus-vivobook-16-x1605za-mb193w-i3-1215u,asus,data/laptop_html/asus+16.html,Intel,1215U,1.2 Ghz,8 GB,DDR4,512 GB,16.0 inch,1920 x 1200 Pixels,60 Hz,Intel,UHD,1.68 kg,3 Cell,42 W
"Laptop ASUS Vivobook 15 OLED A1505VA-MA469W i9-13900H/16GB/512GB/15.6"" 2.8K/Win11",22.490.000 ₫,https://fptshop.com.vn//may-tinh-xach-tay/asus-vivobook-15-oled-a1505va-ma469w-i9-13900h,asus,data/laptop_html/asus+17.html,Intel,13900H,2.6 ,16 GB (2 thanh 8 GB),DDR4,512 ,15.6 inch,2880 x 1620 Pixels,120 ,Intel,Iris Xe,1.7 kg,65 Wh,50 W
"Laptop Asus Vivobook S16 OLED S5606MA-MX051W Intel Core Ultra 7-155H/AI/16GB/512GB/16"" 3.2K/Arc Graphics/Win11",26.490.000 ₫,https://fptshop.com.vn//may-tinh-xach-tay/asus-vivobook-s16-oled-s5606ma-mx051w-intel-core-ultra-7-155h,asus,data/laptop_html/asus+18.html,Intel,155H,1.4 ,16 GB (1 thanh 16 GB),LPDDR5X,512 ,16 inch,3201 x 2000 Pixels,120 ,Intel,ARC,1.5 kg,75 Wh,90 W
"Laptop Asus Vivobook S 14 OLED S5406MA-PP124W Ultra 5-125H/AI/16GB/512GB/14"" 3K/Win11",22.990.000 ₫,https://fptshop.com.vn//may-tinh-xach-tay/asus-vivobook-s5406ma-pp124w-ultra-5-125h,asus,data/laptop_html/asus+19.html,Intel,125H,1.2 ,16 GB (1 thanh 16 GB),DDR5,512 ,14 inch,2880 x 1800 Pixels,120 ,Intel,Evo,1.3 kg,75 WHrs,240 W
"Laptop Asus Gaming Vivobook K3605ZU-RP296W i5-12500H/16GB/512GB/16""/Nvidia GeForce RTX4050 6GB/Win11",23.290.000 ₫,https://fptshop.com.vn//may-tinh-xach-tay/asus-gaming-vivobook-k3605zu-rp296w-i5-12500h,asus,data/laptop_html/asus+20.html,Intel,12500,2.5 ,16 GB (1 thanh 16 GB),DDR4,512 ,16 inch,1920 x 1200 Pixels,144 ,NVIDIA,GeForce RTX 4050,1.8 kg,70 Whr,120 W
"Laptop Asus Vivobook S14 S5406MA-PP161W Ultra 5 125H/AI/16GB/1TB/14"" OLED 3K/Intel Arc Graphics/Win11",23.990.000 ₫,https://fptshop.com.vn//may-tinh-xach-tay/asus-vivobook-s14-s5406ma-pp161w-ultra-5-125h,asus,data/laptop_html/asus+21.html,Intel,125H,1.2 ,16 GB (1 thanh 16 GB),LPDDR5X,1 ,14 inch,2880 x 1800 Pixels Màn hình chính:,120 ,Intel,ARC,1.3 kg,75 Wh,90 W
"Laptop Asus TUF Gaming FX507VV-LP304W i7-13620H/AI/16GB/1TB/15.6"" 144Hz/GeForce RTX4060 8GB/Win11",30.990.000 ₫,https://fptshop.com.vn//may-tinh-xach-tay/asus-tuf-gaming-fx507vv-lp304w-i7-13620h,asus,data/laptop_html/asus+22.html,Intel,13620H,2.4 ,16 GB (1 thanh 16 GB),DDR5,1 ,15.6 inch,1920 x 1080 Pixels,144 ,NVIDIA,GeForce RTX 4060,2.2 kg,90 WHrs,240 W
Laptop Asus Zenbook 14 OLED UX3405MA-PP152W Intel Core Ultra 7-155H/AI/32GB/1TB/14'' 3K/Intel Arc/Win11,31.490.000 ₫,https://fptshop.com.vn//may-tinh-xach-tay/asus-zenbook-14-oled-ux3405ma-pp152w-ultra-7-155h,asus,data/laptop_html/asus+23.html,Intel,155H,1.4 ,32 GB,DDR5,1 ,14 inch,2880 x 1800 Pixels,120 ,Intel,NA,1.2 kg,75 Wh,NA
"Laptop Asus Vivobook 15 OLED A1505VA-MA492W i7-13700H/16GB/512GB/15.6"" 2.8K/Win11",20.190.000 ₫,https://fptshop.com.vn//may-tinh-xach-tay/asus-vivobook-15-oled-a1505va-ma492w-i7-13700h,asus,data/laptop_html/asus+24.html,Intel,13700H,2.4 ,16 GB (2 thanh 8 GB),DDR4,512 ,15.6 inch,2880 x 1620 Pixels,120 ,Intel,Iris Xe,1.7 kg,65 Wh,50 W
Laptop Asus Zenbook 14 OLED UM3402YA-KM826W R5 7430U/16GB/512GB/14' 2.8K/Win11,19.990.000 ₫,https://fptshop.com.vn//may-tinh-xach-tay/asus-zenbook-14-oled-um3402ya-km826w-r5-7430u,asus,data/laptop_html/asus+25.html,AMD,7430U,2.3 ,16 GB (1 thanh 16 GB),LPDDR4X,512 ,14 inch,2880 x 1800 Pixels,90 ,AMD,Radeon,1.39 kg,75 WHrs,65 W
"Laptop Asus Expertbook P5405CSA-NZ0016W U5-226V/AI/16GB/512GB/14"" WQXGA/Win 11",25.990.000 ₫,https://fptshop.com.vn//may-tinh-xach-tay/asus-expertbook-p5405csa-nz0016w,asus,data/laptop_html/asus+26.html,Intel,226V,1.6 ,16 GB (1 thanh 16 GB),LPDDR5X,512 ,14 inch,2560 x 1600 Pixels,144 ,Intel,ARC,1.29 kg,63 WHrs,65 W
"Laptop Asus Zenbook 14 OLED UX3405MA-PP151W Ultra 5 125H/AI/16GB/512GB/14"" 3K/Intel Arc Graphics/Win11",26.390.000 ₫,https://fptshop.com.vn//may-tinh-xach-tay/asus-zenbook-14-oled-ux3405ma-pp151w-ultra-5-125h,asus,data/laptop_html/asus+27.html,Intel,125H,1.2 ,16 GB (1 thanh 16 GB),LPDDR5X,512 ,14 inch,2880 x 1800 Pixels,120 ,Intel,ARC,1.2 kg,75 Wh,65 W
"Laptop Asus TUF Gaming FA507NU-LP034W R7 7735HS/8GB/512GB/15.6"" FHD/Nvidia RTX4050 6GB/Win11",21.990.000 ₫,https://fptshop.com.vn//may-tinh-xach-tay/asus-tuf-gaming-fa507nu-lp034w-r7-7735hs,asus,data/laptop_html/asus+28.html,AMD,7735HS,3.2 Ghz,8 GB (1 thanh 8 GB),DDR5,512 GB,15.6 inch,1920 x 1080 Pixels,144 Hz,NVIDIA,GeForce RTX 4050,2.2 kg,4 Cell,NA
"Laptop Asus Vivobook Pro K3405VC-KM070W i9 13900H/16GB/512GB/14"" OLED 2.8K/Nvidia RTX3050 4GB/Win11",25.990.000 ₫,https://fptshop.com.vn//may-tinh-xach-tay/asus-vivobook-pro-k3405vc-km070w-i9-13900h,asus,data/laptop_html/asus+29.html,Intel,13900H,2.6 Ghz,16 GB (2 thanh 8 GB),DDR4,512 GB,14.0 inch,2880 x 1800 Pixels,90 Hz,NVIDIA,GeForce RTX 3050,1400 g,3 Cell,NA
"Laptop Asus TUF Gaming A15 FA506NCR-HN047W R7-7435HS/16GB/512GB/15.6"" 144Hz/Nvidia GeForce RTX3050 4GB/Win 11",19.990.000 ₫,https://fptshop.com.vn//may-tinh-xach-tay/asus-tuf-gaming-a15-fa506ncr-hn047w-r7-7435hs,asus,data/laptop_html/asus+30.html,AMD,7435HS,3.1 ,16 GB (1 thanh 16 GB),DDR5,512 ,16 inch,1920 x 1080 Pixels,144 ,NVIDIA,GeForce RTX 3050,2.3 kg,48 Wh,10 W
"Laptop Asus Vivobook Flip TN3402YA-LZ188W R5-7530U/16GB/512GB/14"" Touch/Win11",15.990.000 ₫,https://fptshop.com.vn//may-tinh-xach-tay/asus-vivobook-flip-tn3402ya-lz188w-r5-7530u,asus,data/laptop_html/asus+31.html,AMD,7530U,2.00 Ghz,16 GB,DDR4,512 GB,14.0 inch,1920 x 1200 Pixels,60 Hz,AMD,NA,1.5 kg,3 Cell,NA
Laptop Asus Gaming ROG Strix G16 G614JV-N4156W i7-13650HX/AI/16GB/512GB/16' 2.5K/Nvidia GeForce RTX4060 8GB/Win11,36.790.000 ₫,https://fptshop.com.vn//may-tinh-xach-tay/asus-gaming-rog-strix-g16-g614jv-n4156w-i7-13650hx,asus,data/laptop_html/asus+32.html,Intel,13650HX,2.6 ,16 GB (1 thanh 16 GB),DDR5,512 ,16 inch,2560 x 1600 Pixels,240 ,NVIDIA,GeForce RTX 4060,2.5 kg,90 WHrs,280 W
"Laptop Asus TUF Gaming A16 Advantage Edition FA617NSR-RL100W R7-7435HS/16GB/512GB/16"" 144Hz/AMD Radeon RX7600S 8GB/Win11",22.490.000 ₫,https://fptshop.com.vn//may-tinh-xach-tay/asus-tuf-gaming-a16-advantage-edition-fa617nsr-rl100w-r7-7435hs,asus,data/laptop_html/asus+33.html,AMD,7435HS,3.1 ,16 GB (1 thanh 16 GB),DDR5,512 ,16 inch,1920 x 1200 Pixels,144 ,AMD,NA,2.2 kg,90 WHrs,240 W
"Laptop Asus Expertbook P5405CSA-NZ0017W U7-258V/AI/32GB/1TB/14"" WQXGA/Win 11",32.490.000 ₫,https://fptshop.com.vn//may-tinh-xach-tay/asus-expertbook-p5405csa-nz0017w,asus,data/laptop_html/asus+34.html,Intel,258V,2.2 ,32 GB (1 thanh 32 GB),LPDDR5X,1 ,14 inch,2560 x 1600 Pixels,144 ,Intel,ARC,1.29 kg,63 WHrs,65 W
Laptop Asus TUF Gaming FA507NU-LP045W R7 7735HS/16GB/512GB/15.6'/Nvidia RTX4050 6GB/Win11,23.990.000 ₫,https://fptshop.com.vn//may-tinh-xach-tay/asus-tuf-gaming-fa507nu-lp045w-r7-7735hs,asus,data/laptop_html/asus+35.html,AMD,7735HS,4.7 ,16 GB (2 thanh 8 GB),DDR5,512 ,15.6 inch,FHD (1920 x 1080),144 Hz,NVIDIA,GeForce RTX 4050,2.2 kg,90 Wh,240 W
Laptop Asus Gaming ROG Zephyrus G16 GU603VU-N4019W i7-13620H/16GB/512GB/16'' QHD/Nvidia Geforce RTX4050 6GB/Win11,38.990.000 ₫,https://fptshop.com.vn//may-tinh-xach-tay/asus-gaming-rog-zephyrus-g16-gu603vu-n4019w-i7-13620h,asus,data/laptop_html/asus+36.html,Intel,13620H,2.4 ,16 GB (1 thanh 16 GB),DDR4,512 ,16 inch,2560 x 1600 Pixels,240 ,NVIDIA,GeForce RTX 4050,2 kg,90 WHrs,240 W
"Laptop Asus TUF Gaming FX507VU-LP315W i7-13620H/16GB/512GB/15.6"" 144Hz/GeForce RTX4050 6GB/Win11",27.990.000 ₫,https://fptshop.com.vn//may-tinh-xach-tay/asus-tuf-gaming-a15-fx507vu-lp315w-i7-13620h,asus,data/laptop_html/asus+37.html,Intel,13620H,2.4 ,16 GB (1 thanh 16 GB),DDR5,512 ,15.6 inch,1920 x 1080 Pixels,144 ,NVIDIA,GeForce RTX 4050,2.2 kg,90 WHrs,240 W
Laptop Asus TUF Gaming F15 FX507VU-LP197W i7 13620H/32GB/512GB/15.6' 144Hz/Nvidia RTX 4050 6GB/Win11,27.990.000 ₫,https://fptshop.com.vn//may-tinh-xach-tay/asus-tuf-gaming-f15-fx507vu-lp197w-i7-13620h,asus,data/laptop_html/asus+38.html,Intel,13620H,2.4 ,32 GB (2 thanh 16 GB),DDR5,512 ,15.6 inch,1920 x 1200 Pixels,144 ,NVIDIA,GeForce RTX 4050,2.2 kg,90 WHrs,240 W
"Laptop Asus TUF Gaming FX506HC-HN144W i5 11400H/8GB/512GB/15.6""FHD/Nvidia RTX3050 4GB/Win11",14.990.000 ₫,https://fptshop.com.vn//may-tinh-xach-tay/asus-tuf-gaming-fx506hc-hn144w-i5-11400h,asus,data/laptop_html/asus+39.html,Intel,11400H,2.70 Ghz,8 GB (1 thanh 8 GB),DDR4,512 GB,15.6 inch,1920 x 1080 Pixels,144 Hz,NVIDIA,GeForce RTX 3050,2.3 kg,48 Wh,NA
"Laptop HP Gaming Victus 16-s0173AX R5-7640HS/16GB/512GB/16"" 144Hz/GeForce RTX3050 6GB/Win11_A9LG9PA",22.690.000 ₫,https://fptshop.com.vn//may-tinh-xach-tay/hp-gaming-victus-16-s0173ax-r5-7640hs-a9lg9pa,hp,data/laptop_html/hp+0.html,AMD,7640HS,4.3 ,16 GB (2 thanh 8 GB),DDR5,512 ,16.1 inch,1920 x 1080 Pixels,144 ,NVIDIA,GeForce RTX 3050,2.33 kg,70 WHrs,200 W
"Laptop HP 15s-fq5231TU i3-1215U/8GB/256GB/15.6""FHD/Win11_8U241PA",10.490.000 ₫,https://fptshop.com.vn//may-tinh-xach-tay/hp-15s-fq5231tu-i3-1215u,hp,data/laptop_html/hp+1.html,Intel,1215U,1.2 ,8 GB (1 thanh 8 GB),DDR4,256 ,15.6 inch,1920 x 1080 Pixels,60 ,Intel,UHD,1.69 kg,41 Wh,45 W
Laptop HP Pavilion 15-eg3112TU i7 1355U/16GB/512GB/15.6'FHD/Win11,23.490.000 ₫,https://fptshop.com.vn//may-tinh-xach-tay/hp-pavilion-15-eg3112tu-i7-1355u,hp,data/laptop_html/hp+2.html,Intel,1335U,3.70 Ghz,16 GB (2 thanh 8 GB),DDR4,512 GB,15.6 inch,FHD (1920 x 1080),Hãng không công bố,NA,NA,1.68 kg,3 Cell,NA
Laptop HP 14s-em0078AU R5 7520U/8GB/ 512GB/14'FHD/Win11,12.890.000 ₫,https://fptshop.com.vn//may-tinh-xach-tay/hp-14s-em0078au-r5-7520u,hp,data/laptop_html/hp+3.html,AMD,7520U,2.8 Ghz,8 GB (1 thanh 8 GB),LPDDR5,512 GB,14 inch,1920 x 1080 Pixels,60 Hz,AMD,Radeon,1.4 kg,3 Cell,45 W
"Laptop HP 245 G10 (A20TFPT) R5-7530U/16GB/256GB/14"" FHD/Win11",13.290.000 ₫,https://fptshop.com.vn//may-tinh-xach-tay/laptop-hp-245-g10-a20tfpt-r5-7530u,hp,data/laptop_html/hp+4.html,AMD,7530U,2.8 ,16 GB (1 thanh 16 GB),DDR4,256 ,14 inch,1920 x 1080 Pixels,60 ,AMD,Radeon,1.36 kg,41 Cell,45 W
Laptop HP Pavilion 15-eg3111TU i5 1335U/16GB/512GB/15.6'FHD/Win11,19.290.000 ₫,https://fptshop.com.vn//may-tinh-xach-tay/hp-pavilion-15-eg3111tu-i5-1335u,hp,data/laptop_html/hp+5.html,Intel,1335U,3.40 Ghz,16 GB (2 thanh 8 GB),DDR4,512 GB,15.6 inch,FHD (1920 x 1080),Hãng không công bố,NA,NA,1.68 kg,3 Cell,NA
Laptop HP 14s-em0086AU R5 7520U/16GB/512GB/14'FHD/AMD Radeon Graphics/Win11,13.690.000 ₫,https://fptshop.com.vn//may-tinh-xach-tay/hp-14s-em0086au-r5-7520u,hp,data/laptop_html/hp+6.html,AMD,7520U,2.8 Ghz,16 GB,LPDDR5,512 GB,14 inch,1920 x 1080 Pixels,60 Hz,AMD,NA,1.4 kg,3 Cell,45 W
"Laptop HP 245 G10 R7- 7730U/16GB/512GB/14"" FHD/Win11_8F157PA",16.490.000 ₫,https://fptshop.com.vn//may-tinh-xach-tay/laptop-hp-245-g10-r7-7730u,hp,data/laptop_html/hp+7.html,AMD,7730U,2.8 ,16 GB (1 thanh 16 GB),DDR4,512 ,14 inch,1920 x 1080 Pixels,60 ,AMD,Radeon,1.36 kg,41 Wh,45 W
"Laptop HP 245 G10 R5-7520U/8GB/256GB/14""FHD/Win11 (9H8X8PT)",9.690.000 ₫,https://fptshop.com.vn//may-tinh-xach-tay/hp-245-g10-r5-7520u-9h8x8pt,hp,data/laptop_html/hp+8.html,AMD,7520U,2.8 ,8 GB (1 thanh 8 GB),DDR4,256 ,14 inch,1920 x 1080 Pixels,60 ,AMD,Radeon,1.36 kg,41 Wh,45 W
Laptop HP 14s-dq5121TU i3 1215U/8GB/512GB/14'FHD/Win11,11.190.000 ₫,https://fptshop.com.vn//may-tinh-xach-tay/hp-14s-dq5121tu-i3-1215u,hp,data/laptop_html/hp+9.html,Intel,1215U,3.3 ,8 GB (1 thanh 8 GB),DDR4,512 ,14 inch,1920 x 1080 Pixels,0 ,Intel,UHD,1.36 kg,3 Cell,45 W
"Laptop HP 15-fd0235TU i5 1334U/16GB/512GB SSD/15.6""FHD//Win11",17.290.000 ₫,https://fptshop.com.vn//may-tinh-xach-tay/hp-15-fd0235tu-i5-1334u,hp,data/laptop_html/hp+10.html,Intel,1334U,1.3 ,16 GB (2 thanh 8 GB),DDR4,512 ,15.6 inch,1920 x 1080 Pixels,60 ,Intel,UHD,1.59 kg,41 Wh,45 W
"Laptop HP 15-fc0089AU R7-7730U/16GB/512GB/15.6""FHD/AMD Radeon/Win11_A94XWPA",16.490.000 ₫,https://fptshop.com.vn//may-tinh-xach-tay/hp-15-fc0089au-a94xwpa-r7-7730u,hp,data/laptop_html/hp+11.html,AMD,7730U,2 ,16 GB (2 thanh 8 GB),DDR4,512 ,15.6 inch,1920 x 1080 Pixels,60 ,AMD,Radeon,1.59 kg,41 Wh,45 W
"Laptop HP 15-fd0083TU i7 1355U/16GB/512GB/15.6""FHD/Win11",21.390.000 ₫,https://fptshop.com.vn//may-tinh-xach-tay/hp-15-fd0083tu-i7-1355u,hp,data/laptop_html/hp+12.html,Intel,1355U,1.70 Ghz,16 GB,NA,512 GB,15.6 inch,1920 x 1080 Pixels,60 Hz,NA,NA,1.59 kg,3 Cell,NA
"Laptop HP Gaming Victus 16-r0127TX i7-13700H/AI/16GB/512GB/16.1"" 144Hz/GeForce RTX4060 8GB/Win11_8C5N2PA",34.790.000 ₫,https://fptshop.com.vn//may-tinh-xach-tay/hp-victus-16-r0127tx-8c5n2pa-i7-13700h,hp,data/laptop_html/hp+13.html,Intel,13700H,5 ,16 GB (2 thanh 8 GB),DDR5,512 ,16.1 inch,1920 x 1080 Pixels,144 ,NVIDIA,GeForce RTX 4060,2.33 kg,70 Wh,230 W
"Laptop HP 15-fd1060TU Core Ultra 7-155H/AI/16GB/512GB/15.6""FHD/Win 11",22.490.000 ₫,https://fptshop.com.vn//may-tinh-xach-tay/hp-15-fd1060tu-core-ultra-7-155h,hp,data/laptop_html/hp+14.html,Intel,155H,1.4 ,16 GB (2 thanh 8 GB),DDR5,512 ,15.6 inch,1920 x 1080 Pixels,60 ,Intel,UHD,1.65 kg,41 Cell,65 W
Laptop HP Envy x360 14-fc0162TU Core Ultra 5-125U/AI/16GB/512GB/14'' Touch 2.8K OLED/Pen/Win11/Office HS21,27.790.000 ₫,https://fptshop.com.vn//may-tinh-xach-tay/hp-envy-x360-14-fc01062tu-core-ultra-5-125u-ay8x1pa,hp,data/laptop_html/hp+15.html,Intel,125U,0.7 ,16 GB (2 thanh 8 GB),LPDDR5,512 ,14 inch,2880 x 1800 Pixels Màn hình chính:,120 ,Intel,NA,1.39 kg,59 Wh,65 W
"Laptop HP ENVY x360 14-fc0094TU (A19C4PA) Ultra 5-125U/AI/16GB/512GB/14"" 2.8K Touch/Pen/Win11",27.290.000 ₫,https://fptshop.com.vn//may-tinh-xach-tay/hp-envy-x360-14-fc0094tu-a19c4pa,hp,data/laptop_html/hp+16.html,Intel,125U,0.7 ,16 GB (2 thanh 8 GB),LPDDR5,512 ,14 inch,2880 x 1800 Pixels Màn hình chính:,120 ,Intel,UHD,1.39 kg,59 Wh,65 W
Laptop HP Pavilion Aero 13-be2098AU R7 7735U/16GB/512GB/13.3'WUXGA/Win11,18.990.000 ₫,https://fptshop.com.vn//may-tinh-xach-tay/hp-pavilion-aero-13-be2098au-r7-7735u,hp,data/laptop_html/hp+17.html,AMD,7735U,2.7 Ghz,16 GB (1 thanh 16 GB),DDR4,512 GB,13.3 inch,1920 x 1200 Pixels,NA,AMD,Radeon,1 kg,3 Cell,NA
Laptop HP Envy X360 14-fc0089TU Ultra 7-155U/AI/16GB/512GB/14'' 2.8K Touch/Pen/Win11,30.790.000 ₫,https://fptshop.com.vn//may-tinh-xach-tay/hp-envy-x360-14-fc0089tu-core-ultra-7-155u,hp,data/laptop_html/hp+18.html,Intel,155U,1.7 ,16 GB (2 thanh 8 GB),LPDDR5,512 ,14 inch,2880 x 1800 Pixels Màn hình chính:,120 ,Intel,UHD,1.39 kg,59 Wh,65 W
"Laptop HP ProBook 440 G10 i5-1340P/16GB/512GB/14""FHD Touch/Intel Graphics/Win11_9H8U7PT",21.590.000 ₫,https://fptshop.com.vn//may-tinh-xach-tay/hp-probook-440-g10-i5-1340p-9h8u7pt,hp,data/laptop_html/hp+19.html,Intel,1340P,1.9 ,16 GB (1 thanh 16 GB),DDR4,512 ,14 inch,1920 x 1080 Pixels,60 ,Intel,Iris Xe,1.38 kg,51 WHrs,65 W
"Laptop HP Gaming Victus 16-s0078AX R5-7640HS/16GB/512GB/16.1""FHD/Nvidia RTX3050 6GB/Win11",22.690.000 ₫,https://fptshop.com.vn//may-tinh-xach-tay/hp-gaming-victus-16-s0078ax-r5-7640hs,hp,data/laptop_html/hp+20.html,AMD,7640HS,4.30 Ghz,16 GB (2 thanh 8 GB),DDR5,512 GB,16.0 inch,1920 x 1080 Pixels,144 Hz,NVIDIA,GeForce RTX 3050,2.31 kg,4 Cell,NA
Laptop HP Envy X360 14-fc0084TU Core Ultra 7-155U/AI/32GB/1TB/14'' Touch 2.8K OLED/Pen/Win11,32.990.000 ₫,https://fptshop.com.vn//may-tinh-xach-tay/hp-envy-x360-14-fc0084tu-u7-155u,hp,data/laptop_html/hp+21.html,Intel,155U,0.7 ,32 GB (2 thanh 16 GB),LPDDR5,1 ,14 inch,2880 x 1800 Pixels Màn hình chính:,120 ,Intel,NA,1.37 kg,59 Wh,65 W
Laptop HP Envy x360 14-fc0158TU Core Ultra 7-155U/AI/16GB/512GB/14'' Touch 2.8K OLED/Pen/Win11/Office HS21,30.990.000 ₫,https://fptshop.com.vn//may-tinh-xach-tay/hp-envy-x360-14-fc0158tu-core-ultra-7-155u,hp,data/laptop_html/hp+22.html,Intel,155U,0.7 ,16 GB (2 thanh 8 GB),LPDDR5,512 ,14 inch,2880 x 1800 Pixels Màn hình chính:,120 ,Intel,NA,1.39 kg,59 Wh,65 W
"Laptop HP ProBook 440 G10 i7-1360P/16GB/512GB/14"" FHD Touch/Intel Graphics/Win11_Bạc_9H8V2PT",25.490.000 ₫,https://fptshop.com.vn//may-tinh-xach-tay/hp-probook-440-g10-core-i7-1360p-9h8v2pt,hp,data/laptop_html/hp+23.html,Intel,1360P,2.2 ,16 GB (1 thanh 16 GB),DDR4,512 ,14 inch,1920 x 1080 Pixels,60 ,Intel,Iris Xe,1.38 kg,51 WHrs,65 W
Laptop HP Pavilion 15-eg3095TU i5 1335U/8GB/512GB/15.6'FHD/Win11,16.490.000 ₫,https://fptshop.com.vn//may-tinh-xach-tay/hp-pavilion-15-eg3095tu-i5-1335u,hp,data/laptop_html/hp+24.html,Intel,1335U,3.30 Ghz,8 GB (2 thanh 4 GB),NA,512 GB,15.6 inch,FHD (1920 x 1080),Hãng không công bố,NA,NA,1.69 kg,3 Cell,NA
"Laptop HP 245 G10 R5 7520U/8GB/256GB/14""FHD/Win11 (8F154PA)",9.690.000 ₫,https://fptshop.com.vn//may-tinh-xach-tay/hp-245-g10-r5-7520u,hp,data/laptop_html/hp+25.html,AMD,7520U,4.30 Ghz,8 GB,NA,256 GB,14.0 inch,1920 x 1080 Pixels,60 Hz,AMD,Radeon,1.36 kg,3 Cell,NA
Laptop HP Spectre X360 14-eu0050TU Ultra 7-155H/AI/32GB/1TB/14'' Touch 2.8K OLED/Intel Arc Graphics/Win11,51.990.000 ₫,https://fptshop.com.vn//may-tinh-xach-tay/hp-spectre-x360-14-eu0050tu-ultra-7-155h,hp,data/laptop_html/hp+26.html,Intel,155H,1.4 ,32 GB (1 thanh 32 GB),LPDDR5,1 ,14 inch,2880 x 1800 Pixels,120 ,Intel,ARC,1.465 kg,4 Cell,65 W
Laptop HP Envy x360 14-fc0155TU Core Ultra 7-155U/AI/16GB/1TB/14'' Touch 2.8K OLED/Pen/Win11/Office HS21,Hàng sắp về,https://fptshop.com.vn//may-tinh-xach-tay/hp-envy-x360-14-fc0155tu-core-ultra-7-155u,hp,data/laptop_html/hp+27.html,Intel,155U,0.7 ,16 GB (2 thanh 8 GB),LPDDR5,1 ,14 inch,2880 x 1800 Pixels Màn hình chính:,120 ,Intel,NA,1.39 kg,59 Wh,65 W
Laptop HP Envy X360 14-fa0093AU R7-8840HS/AI/32GB/512GB/14'' Touch 2.8K OLED/Pen/Win11/Office HS21,Hàng sắp về,https://fptshop.com.vn//may-tinh-xach-tay/hp-envy-x360-14-fa0093au-r7-8840hs-ay8u3pa,hp,data/laptop_html/hp+28.html,AMD,8840HS,3.3 ,32 GB (2 thanh 16 GB),LPDDR5,512 ,14 inch,2880 x 1800 Pixels Màn hình chính:,120 ,AMD,Radeon,1.39 kg,59 Wh,65 W
Laptop HP Envy X360 14-fa0092AU R7-8840HS/AI/32GB/1TB/14'' Touch 2.8K OLED/Pen/Win11/Office HS21,Hàng sắp về,https://fptshop.com.vn//may-tinh-xach-tay/hp-envy-x360-14-fa0092au-r7-8840hs-ay8u2pa,hp,data/laptop_html/hp+29.html,AMD,8840HS,3.3 ,32 GB (2 thanh 16 GB),LPDDR5,1 ,14 inch,2880 x 1800 Pixels Màn hình chính:,120 ,AMD,Đang cập nhật,1.39 kg,59 Wh,65 W
Laptop HP Envy X360 14-fc0161TU Core Ultra 5-125U/AI/16GB/512GB/14'' Touch 2.8K OLED/Pen/Win11/Office HS21,Hàng sắp về,https://fptshop.com.vn//may-tinh-xach-tay/hp-envy-x360-14-fc0161tu-core-ultra-5-125u,hp,data/laptop_html/hp+30.html,Intel,125U,0.7 ,16 GB (2 thanh 8 GB),LPDDR5,512 ,14 inch,2880 x 1800 Pixels Màn hình chính:,120 ,Intel,NA,1.39 kg,59 Wh,65 W
Laptop HP Envy x360 14-fc0156TU Core Ultra 7-155U/AI/16GB/1TB/14'' Touch 2.8K OLED/Pen/Win11/Office HS21,Hàng sắp về,https://fptshop.com.vn//may-tinh-xach-tay/hp-envy-x360-14-fc0156tu-core-ultra-7-155u,hp,data/laptop_html/hp+31.html,Intel,155U,0.7 ,16 GB (2 thanh 8 GB),LPDDR5,1 ,14 inch,2880 x 1800 Pixels Màn hình chính:,120 ,Intel,NA,1.39 kg,59 Wh,65 W
"Laptop Lenovo V15 G4 IRU i5 13420H/16GB/512GB/15.6""FHD/Win 11",14.990.000 ₫,https://fptshop.com.vn//may-tinh-xach-tay/lenovo-v15-g4-iru-i5-13420h-16gb,lenovo,data/laptop_html/lenovo+0.html,Intel,13420H,2.1 ,16 GB (2 thanh 8 GB),DDR4,512 ,15.6 inch,1920 x 1080 Pixels,60 ,Intel,UHD,1.65 kg,38 Wh,65 W
"Laptop Lenovo IdeaPad 3 14IAH8 i5 12450H/16GB/512GB/14""FHD/Win11",13.690.000 ₫,https://fptshop.com.vn//may-tinh-xach-tay/lenovo-ideapad-3-14iah8-i5-12450h,lenovo,data/laptop_html/lenovo+1.html,Intel,12450H,2.00 Ghz,16 GB (2 thanh 8 GB),DDR5,512 GB,14.0 inch,1920 x 1080 Pixels,60 Hz,Intel,UHD,1.37 kg,47 Wh,65 W
"Laptop Lenovo Gaming LOQ - 15IAX9 i5 12450HX/AI/12GB/512GB/15.6""FHD/RTX3050 6GB/Win11",20.290.000 ₫,https://fptshop.com.vn//may-tinh-xach-tay/lenovo-gaming-loq-15iax9-i5-12450hx-12gb-rtx3050,lenovo,data/laptop_html/lenovo+2.html,Intel,12450HX,2.4 ,12 GB,DDR5,512 ,15.6 inch,1920 x 1080 Pixels,144 ,NVIDIA,GeForce RTX 3050,2.38 kg,60 Wh,170 W
"Laptop Lenovo Ideapad Slim 3 15IRH8 i7 13620H/16GB/512GB/15.6"" FHD/Win 11",16.490.000 ₫,https://fptshop.com.vn//may-tinh-xach-tay/lenovo-ideapad-slim-3-15irh8-i7-13620h,lenovo,data/laptop_html/lenovo+3.html,Intel,13620H,2.4 ,16 GB (1 thanh 16 GB),DDR5,512 ,15.6 inch,1920 x 1200 Pixels,60 ,Intel,UHD,1.62 kg,47 Wh,65 W
"Laptop Lenovo Gaming LOQ - 15IAX9 i5 12450HX/AI/16GB/512GB/15.6""FHD/RTX2050 4GB/Win11",19.490.000 ₫,https://fptshop.com.vn//may-tinh-xach-tay/lenovo-gaming-loq-15iax9-i5-12450hx,lenovo,data/laptop_html/lenovo+4.html,Intel,12450HX,NA,16 GB (2 thanh 8 GB),DDR5,512 ,15.6 inch,1920 x 1080 Pixels,144 ,NA,Geforce RTX 2050,2.38 kg,60 Wh,135 W
"Laptop Lenovo ThinkBook 14 G6 IRL I5 13420H/16GB/512GB/14"" WUXGA/Win 11",18.290.000 ₫,https://fptshop.com.vn//may-tinh-xach-tay/lenovo-thinkbook-14-g6-irl-i5-13420h,lenovo,data/laptop_html/lenovo+5.html,Intel,13420H,2.1 ,16 GB (2 thanh 8 GB),DDR5,512 ,14 inch,1920 x 1200 Pixels,60 ,Intel,UHD,1.38 kg,60 Wh,100 W
"Laptop Lenovo IdeaPad Slim 5 16IAH8 i5 12450H/16GB/512GB/16""WUXGA/Win11",15.990.000 ₫,https://fptshop.com.vn//may-tinh-xach-tay/lenovo-ideapad-slim-5-16iah8-i5-12450h,lenovo,data/laptop_html/lenovo+6.html,Intel,12450H,2 Ghz,16 GB (2 thanh 8 GB),DDR5,512 GB,16 inch,1920 x 1200 Pixels,60 Hz,Intel,UHD,1.89 kg,3 Cell,65 W
"Laptop Lenovo IdeaPad Slim 5 14IMH9 Ultra 5 125H/AI/16GB/512GB/14""WUXGA/OLED/Win 11",20.490.000 ₫,https://fptshop.com.vn//may-tinh-xach-tay/lenovo-ideapad-slim-5-14imh9-ultra-5-125h,lenovo,data/laptop_html/lenovo+7.html,Intel,125H,1.2 ,16 GB (1 thanh 16 GB),DDR5,512 ,14 inch,1920 x 1200 Pixels,60 ,Intel,ARC,1.48 kg,57 Wh,65 W
"Laptop Lenovo Ideapad 1 - 14ALC7 R7 5700U/16GB/512GB/14.0"" FHD/Win 11",12.790.000 ₫,https://fptshop.com.vn//may-tinh-xach-tay/lenovo-ideapad-1-14alc7-r7-5700u,lenovo,data/laptop_html/lenovo+8.html,AMD,5700U,1.8 ,16 GB (2 thanh 8 GB),DDR4,512 ,14 inch,1920 x 1080 Pixels,60 ,AMD,Radeon,1.38 kg,42 Wh,65 W
"Laptop Lenovo ThinkBook 16 Gen 6 i7 1355U/16GB/512GB/16.0"" WUXGA/Win 11",21.690.000 ₫,https://fptshop.com.vn//may-tinh-xach-tay/lenovo-thinkbook-16-g6-irl-21kh00byvn,lenovo,data/laptop_html/lenovo+9.html,Intel,1355U,1.7 ,16 GB (2 thanh 8 GB),DDR5,512 ,16 inch,1920 x 1200 Pixels,60 ,Intel,Iris Xe,1.7 kg,71 Wh,65 W
"Laptop Lenovo IdeaPad Slim 5 14IMH9 Ultra 7-155H/AI/16GB/512G/14""WUXGA/OLED/Win 11",24.490.000 ₫,https://fptshop.com.vn//may-tinh-xach-tay/lenovo-ideapad-slim-5-14imh9-ultra-7-155h,lenovo,data/laptop_html/lenovo+10.html,Intel,155H,1.4 ,16 GB (2 thanh 8 GB),DDR5,512 ,14 inch,1920 x 1200 Pixels,60 ,Intel,ARC,1.48 kg,57 Wh,65 W
"Laptop Lenovo Gaming LOQ 15IAX9 i5 12450HX/AI/24GB/512GB/15.6""FHD/RTX4050_6GB/Win11",26.490.000 ₫,https://fptshop.com.vn//may-tinh-xach-tay/lenovo-gaming-loq-15iax9-i5-12450hx-24gb-512gb,lenovo,data/laptop_html/lenovo+11.html,Intel,12450HX,2.4 ,24 GB (2 thanh 12GB),DDR5,512 ,15.6 inch,1920 x 1080 Pixels,144 ,NVIDIA,GeForce RTX 4050,2.38 kg,60 Wh,170 W
"Laptop Lenovo IdeaPad 1 15ALC7 R5 5500U/16GB/512GB/15.6"" FHD/Win11",10.790.000 ₫,https://fptshop.com.vn//may-tinh-xach-tay/lenovo-ideapad-1-15alc7-r5-5500u,lenovo,data/laptop_html/lenovo+12.html,AMD,5500U,2.10 Ghz,16 GB (2 thanh 8 GB),DDR4,512 GB,15.6 inch,1920 x 1080 Pixels,60 Hz,AMD,Radeon,1.58 kg,42 Wh,65 W
"Laptop Lenovo Gaming LOQ 15IAX9 i5 12450HX/AI/24GB/512GB/15.6""FHD/RTX2050 4GB/Win11",20.390.000 ₫,https://fptshop.com.vn//may-tinh-xach-tay/lenovo-gaming-loq-15iax9-i5-12450hx-ai-24gb,lenovo,data/laptop_html/lenovo+13.html,Intel,12450HX,NA,24 GB (2 thanh 12GB),DDR5,512 ,15.6 inch,1920 x 1080 Pixels,144 ,NVIDIA,Geforce RTX 2050,2.38 kg,60 Wh,135 W
"Laptop Lenovo ThinkPad E14 G5 I5 13420H/16GB/512GB/14""WUXGA/Win 11",21.290.000 ₫,https://fptshop.com.vn//may-tinh-xach-tay/lenovo-thinkpad-e14-g5-i5-13420h,lenovo,data/laptop_html/lenovo+14.html,Intel,13420H,2.1 ,16 GB (2 thanh 8 GB),DDR4,512 ,14 inch,1920 x 1200 Pixels,60 ,Intel,UHD,1.43 kg,47 Wh,65 W
"Laptop Lenovo IdeaPad Slim 5 Light 14ABR8 R5 7530U/8GB/512GB/14""FHD/Win 11",11.990.000 ₫,https://fptshop.com.vn//may-tinh-xach-tay/lenovo-ideapad-slim-5-light-14abr8-r5-7530u,lenovo,data/laptop_html/lenovo+15.html,AMD,7530U,2 ,8 GB (1 thanh 8 GB),DDR4,512 ,14 inch,1920 x 1080 Pixels,240 ,AMD,Radeon,1.17 kg,47 Wh,65 W
"Laptop Lenovo Gaming Legion Slim 5 16AHP9 R7-8845HS/AI/16GB/512GB/16""WQXGA/RTX4060_8GB/Win11",40.590.000 ₫,https://fptshop.com.vn//may-tinh-xach-tay/lenovo-gaming-legion-slim-5-16ahp9-r7-8845hs-83dh003avn,lenovo,data/laptop_html/lenovo+16.html,AMD,8845HS,3.8 ,16 GB (1 thanh 16 GB),DDR5,512 ,16 inch,1600 x 2560 Pixels,165 ,NVIDIA,NA,2.3 kg,80 Wh,230 W
"Laptop Lenovo Gaming LOQ - 15IRX9 i7-13650HX/AI/16GB/512GB/15.6""FHD/RTX4050 6GB/Win 11",29.290.000 ₫,https://fptshop.com.vn//may-tinh-xach-tay/lenovo-gaming-loq-15irx9-i7-13650hx-16gb,lenovo,data/laptop_html/lenovo+17.html,Intel,13650HX,2.6 ,16 GB (1 thanh 16 GB),DDR5,512 ,15.6 inch,1920 x 1080 Pixels,144 ,NVIDIA,GeForce RTX 4050,2.38 kg,60 Wh,170 W
"Laptop Lenovo Gaming LOQ 15AHP9 R7 8845HS/AI/16GB/512GB/15.6""FHD/RTX4060 8GB/Win 11",31.990.000 ₫,https://fptshop.com.vn//may-tinh-xach-tay/lenovo-gaming-loq-15ahp9-r7-8845hs,lenovo,data/laptop_html/lenovo+18.html,AMD,8845HS,3.8 ,16 GB (1 thanh 16 GB),DDR5,512 ,15.6 inch,1920 x 1080 Pixels,144 ,NVIDIA,GeForce RTX 4060,2.38 kg,60 Wh,230 W
"Laptop Lenovo Ideapad Slim 3 - 15ABR8 R5 7430U/16GB/512GB/15.6""FHD/Win 11",11.490.000 ₫,https://fptshop.com.vn//may-tinh-xach-tay/lenovo-ideapad-slim-3-15abr8-r5-7430u,lenovo,data/laptop_html/lenovo+19.html,AMD,7430U,2.3 ,16 GB (1 thanh 16 GB),DDR4,512 ,15.6 inch,1920 x 1080 Pixels,60 ,AMD,Radeon,1.62 kg,47 Wh,65 W
"Laptop Lenovo Gaming LOQ 15IAX9 i5 12450HX/AI/12GB/512GB/15.6""FHD/RTX4050_6GB/W11_83GS001QVN",24.990.000 ₫,https://fptshop.com.vn//may-tinh-xach-tay/lenovo-gaming-loq-15iax9-i5-12450hx-83gs001qvn,lenovo,data/laptop_html/lenovo+20.html,Intel,12450HX,2.4 ,12 GB (1 thanh 12GB),DDR5,512 ,15.6 inch,1920 x 1080 Pixels,144 ,NVIDIA,GeForce RTX 4050,2.38 kg,60 Wh,170 W
"Laptop Lenovo Gaming Legion 5 16IRX9 i7 14650HX/AI/32GB/1TB/16""WQXGA/RTX4060 8GB/Win 11",43.990.000 ₫,https://fptshop.com.vn//may-tinh-xach-tay/lenovo-gaming-legion-5-16irx9-i7-14650hx-32gb,lenovo,data/laptop_html/lenovo+21.html,Intel,14650HX,2.2 ,32 GB (2 thanh 16 GB),DDR5,1 ,16 inch,2560 x 1600 Pixels,165 ,NVIDIA,GeForce RTX 4060,2.3 kg,80 WHrs,230 W
"Laptop Lenovo Yoga Slim 7 14IMH9 Ultra 7 155H/AI/32GB/512GB/14"" WUXGA/Win11",29.990.000 ₫,https://fptshop.com.vn//may-tinh-xach-tay/lenovo-yoga-slim-7-14imh9-ultra-7-155h,lenovo,data/laptop_html/lenovo+22.html,Intel,155H,1.4 ,32 GB (2 thanh 16 GB),DDR5,512 ,14 inch,1920 x 1200 Pixels,60 ,Intel,ARC,1.39 kg,65 Wh,65 W
"Laptop Lenovo Gaming Legion Pro 5 16IRX9 i9-14900HX/AI/32GB/1TB/16"" WQXGA/RTX4070 8GB/Win 11",51.190.000 ₫,https://fptshop.com.vn//may-tinh-xach-tay/lenovo-gaming-legion-pro-5-16irx9-i9-14900hx-83df0046vn,lenovo,data/laptop_html/lenovo+23.html,Intel,14900HX,2.2 ,32 GB (2 thanh 16 GB),DDR5,1 ,16 inch,2560 x 1600 Pixels,240 ,NVIDIA,GeForce RTX 4070,2.5 kg,800 Wh,300 W
"Laptop Lenovo Yoga Slim 6 14IRH8 i7 13700H/16GB/512GB/14""WUXGA OLED/Win11/Office HS21",24.990.000 ₫,https://fptshop.com.vn//may-tinh-xach-tay/lenovo-yoga-slim-6-14irh8-i7-13700h,lenovo,data/laptop_html/lenovo+24.html,Intel,13700H,2.4 ,16 GB,DDR5,512 ,14 inch,1920 x 1200 Pixels,60 Hz,Intel,Iris Xe,1.35 kg,65 Wh,NA
"Laptop Lenovo ThinkBook 16 G6 IRL i5-13420H/16GB/512GB/16.0""WUXGA/Win 11",16.990.000 ₫,https://fptshop.com.vn//may-tinh-xach-tay/lenovo-thinkbook-16-g6-irl-i5-13420h-21kh00q0vn,lenovo,data/laptop_html/lenovo+25.html,Intel,13420H,2.1 ,16 GB (2 thanh 8 GB),DDR5,512 ,16 inch,1920 x 1200 Pixels,60 ,Intel,UHD,1.7 kg,71 Wh,100 W
"Laptop Lenovo Yoga Slim 7 14IMH9 ULTRA 7 155H/AI/32GB/1TB/14"" WUXGA/Win 11",29.490.000 ₫,https://fptshop.com.vn//may-tinh-xach-tay/lenovo-yoga-slim-7-14imh9-ultra-7-155h-32gb,lenovo,data/laptop_html/lenovo+26.html,Intel,155H,1.4 ,32 GB (1 thanh 32 GB),LPDDR5X,1 ,14 inch,1920 x 1200 Pixels,60 ,Intel,ARC,1.39 kg,65 Wh,65 W
"Laptop Lenovo Gaming Legion 7 - 16IRX9 i9 14900HX/AI/32GB/1TB/16"" 3.2K/RTX4070_8GB/Win 11",62.990.000 ₫,https://fptshop.com.vn//may-tinh-xach-tay/lenovo-gaming-legion-7-16irx9-i9-14900hx-83fd004mvn,lenovo,data/laptop_html/lenovo+27.html,Intel,14900HX,1.6 ,32 GB (2 thanh 16 GB),DDR5,1 ,16 inch,3200 x 2000 Pixels,165 ,NVIDIA,GeForce RTX 4070,2.24 kg,99.9 Wh,230 W
"Laptop Lenovo Gaming LOQ - 15IAX9 i5 12450HX/AI/16GB/512GB/15.6""FHD/RTX 2050 4GB/Win11",19.490.000 ₫,https://fptshop.com.vn//may-tinh-xach-tay/lenovo-gaming-loq-15iax-9-i5-12450hx,lenovo,data/laptop_html/lenovo+28.html,Intel,12450HX,2 ,16 GB (2 thanh 8 GB),DDR5,512 ,15.6 inch,1920 x 1080 Pixels,144 ,NVIDIA,Geforce RTX 2050,2.38 kg,60 Wh,135 W
"Laptop Lenovo Gaming Legion 5 15IRX9 i7 13650HX/AI/24GB/512GB/15.6""FHD/RTX4060 8GB/Win11",36.990.000 ₫,https://fptshop.com.vn//may-tinh-xach-tay/lenovo-gaming-legion-5-15irx9-83jj000fvn,lenovo,data/laptop_html/lenovo+29.html,Intel,13650HX,1.9 ,24 GB (2 thanh 12GB),DDR5,512 ,15.6 inch,1920 x 1080 Pixels,144 ,NVIDIA,GeForce RTX 4060,2.32 kg,60 Wh,230 W
"Laptop Lenovo Gaming LOQ - 15IAX9 i5 12450HX/AI/12GB/512GB/15.6""FHD/RTX2050 4GB/Win11",18.990.000 ₫,https://fptshop.com.vn//may-tinh-xach-tay/lenovo-gaming-loq-15iax9-i5-12450hx-83gs001svn,lenovo,data/laptop_html/lenovo+30.html,Intel,12450HX,NA,12 GB (1 thanh 12GB),DDR5,512 ,15.6 inch,1920 x 1080 Pixels,144 ,NVIDIA,Geforce RTX 2050,2.38 kg,60 Wh,135 W
"Laptop Lenovo Gaming Legion 9 16IRX8 i9 13980HX/AI/64GB/2TB/16""3.2K Mini LED/RTX4090 16GB/Win11",128.990.000 ₫,https://fptshop.com.vn//may-tinh-xach-tay/lenovo-gaming-legion-9-16irx8-i9-13980hx,lenovo,data/laptop_html/lenovo+31.html,Intel,13980HX,2.2 ,64 GB (2 thanh 32 GB),DDR5,2 ,16 inch,3200 x 2000 Pixels,165 ,NVIDIA,GeForce RTX 4090,2.56 kg,99.9 Wh,330 W
"Laptop Lenovo ThinkPad E14 Gen 5 i7-1355U/16GB/512GB/14.0""WUXGA/Win 11",22.990.000 ₫,https://fptshop.com.vn//may-tinh-xach-tay/lenovo-thinkpad-e14-gen-5-i7-1355u,lenovo,data/laptop_html/lenovo+32.html,Intel,1355U,1.7 ,16 GB (2 thanh 8 GB),DDR4,512 ,14 inch,1920 x 1080 Pixels,60 ,Intel,Iris Xe,1.59 kg,3 Cell,45 W
"Laptop Lenovo ThinkBook 16 G6 IRL i5-13420H/16GB/512GB/16.0""WUXGA/Win 11",16.990.000 ₫,https://fptshop.com.vn//may-tinh-xach-tay/lenovo-thinkbook-16-g6-irl-i5-13420h-21kh00q0vn,lenovo,data/laptop_html/lenovo+33.html,Intel,13420H,2.1 ,16 GB (2 thanh 8 GB),DDR5,512 ,16 inch,1920 x 1200 Pixels,60 ,Intel,UHD,1.7 kg,71 Wh,100 W
"Laptop Lenovo Yoga Slim 7 14IMH9 ULTRA 7 155H/AI/32GB/1TB/14"" WUXGA/Win 11",29.490.000 ₫,https://fptshop.com.vn//may-tinh-xach-tay/lenovo-yoga-slim-7-14imh9-ultra-7-155h-32gb,lenovo,data/laptop_html/lenovo+34.html,Intel,155H,1.4 ,32 GB (1 thanh 32 GB),LPDDR5X,1 ,14 inch,1920 x 1200 Pixels,60 ,Intel,ARC,1.39 kg,65 Wh,65 W
"Laptop Lenovo Gaming Legion 7 - 16IRX9 i9 14900HX/AI/32GB/1TB/16"" 3.2K/RTX4070_8GB/Win 11",62.990.000 ₫,https://fptshop.com.vn//may-tinh-xach-tay/lenovo-gaming-legion-7-16irx9-i9-14900hx-83fd004mvn,lenovo,data/laptop_html/lenovo+35.html,Intel,14900HX,1.6 ,32 GB (2 thanh 16 GB),DDR5,1 ,16 inch,3200 x 2000 Pixels,165 ,NVIDIA,GeForce RTX 4070,2.24 kg,99.9 Wh,230 W
"Laptop Lenovo Gaming LOQ - 15IAX9 i5 12450HX/AI/16GB/512GB/15.6""FHD/RTX 2050 4GB/Win11",19.490.000 ₫,https://fptshop.com.vn//may-tinh-xach-tay/lenovo-gaming-loq-15iax-9-i5-12450hx,lenovo,data/laptop_html/lenovo+36.html,Intel,12450HX,2 ,16 GB (2 thanh 8 GB),DDR5,512 ,15.6 inch,1920 x 1080 Pixels,144 ,NVIDIA,Geforce RTX 2050,2.38 kg,60 Wh,135 W
"Laptop Lenovo Yoga 9 2in1 14IMH9 Ultra 7 155H/AI/16GB/1TB/14""2.8K_Touch/Bút/Win11_Xanh",45.990.000 ₫,https://fptshop.com.vn//may-tinh-xach-tay/lenovo-yoga-9-2in1-14imh9-ultra-7-155h,lenovo,data/laptop_html/lenovo+37.html,Intel,155H,1.4 ,16 GB (1 thanh 16 GB),LPDDR5X,1 ,14 inch,2880 x 1800 Pixels,120 ,Intel,ARC,1.32 kg,75 Wh,65 W
"Laptop Lenovo Gaming Legion 5 15IRX9 i7 13650HX/AI/24GB/512GB/15.6""FHD/RTX4060 8GB/Win11",36.990.000 ₫,https://fptshop.com.vn//may-tinh-xach-tay/lenovo-gaming-legion-5-15irx9-83jj000fvn,lenovo,data/laptop_html/lenovo+38.html,Intel,13650HX,1.9 ,24 GB (2 thanh 12GB),DDR5,512 ,15.6 inch,1920 x 1080 Pixels,144 ,NVIDIA,GeForce RTX 4060,2.32 kg,60 Wh,230 W
"Laptop Lenovo Gaming LOQ - 15IAX9 i5 12450HX/AI/12GB/512GB/15.6""FHD/RTX2050 4GB/Win11",18.990.000 ₫,https://fptshop.com.vn//may-tinh-xach-tay/lenovo-gaming-loq-15iax9-i5-12450hx-83gs001svn,lenovo,data/laptop_html/lenovo+39.html,Intel,12450HX,NA,12 GB (1 thanh 12GB),DDR5,512 ,15.6 inch,1920 x 1080 Pixels,144 ,NVIDIA,Geforce RTX 2050,2.38 kg,60 Wh,135 W
"Laptop Lenovo Ideapad Slim 3 - 15ABR8 R7 7730U/16GB/512GB/15.6""FHD/Win 11",Hàng sắp về,https://fptshop.com.vn//may-tinh-xach-tay/lenovo-ideapad-slim-3-15abr8-82xm00ehvn,lenovo,data/laptop_html/lenovo+40.html,AMD,7730U,2 ,16 GB (2 thanh 16 GB),DDR4,512 ,15.3 inch,1920 x 1200 Pixels,60 ,AMD,Radeon,1.62 kg,47 Wh,65 W
"Laptop Slim 5 - 14IMH9 Ultra7 155H/AI/32GB/512GB/14""WUXGA OLED/Arc Graphics/Win11",Hàng sắp về,https://fptshop.com.vn//may-tinh-xach-tay/lenovo-ideapad-slim-5-14imh-83da001yvn,lenovo,data/laptop_html/lenovo+41.html,Intel,155H,1.4 ,32 GB (2 thanh 16 GB),LPDDR5,512 ,14 inch,1920 x 1200 Pixels,60 ,Intel,ARC,1.48 kg,57 Wh,65 W
"Laptop Lenovo Gaming LOQ 15IRX9 i7-13650HX/AI/24GB/512GB/15.6""FHD/RTX4060 8GB/Win11",Hàng sắp về,https://fptshop.com.vn//may-tinh-xach-tay/lenovo-gaming-loq-15irx9-i7-13650hx-83dv00ufvn,lenovo,data/laptop_html/lenovo+42.html,Intel,13650HX,2.6 ,24 GB (2 thanh 12GB),DDR5,512 ,15.6 inch,1920 x 1080 Pixels,144 ,NVIDIA,GeForce RTX 4060,2.38 kg,60 WHrs,230 W
"Laptop Lenovo IdeaPad 1 15ALC7 R5 5625U/16GB/512GB/15.6"" FHD/AMD Radeon Graphics/Win 11",Hàng sắp về,https://fptshop.com.vn//may-tinh-xach-tay/lenovo-ideapad-1-15alc7-r5-5625u-82r400vwvn,lenovo,data/laptop_html/lenovo+43.html,AMD,5625U,2.3 ,16 GB,DDR4,512 ,15.6 inch,1920 x 1080 Pixels,0 ,AMD,Radeon,1.61 kg,42 Wh,65 W
"Laptop Lenovo Ideapad Slim 5 - 16IMH9 Ultra7 155H/AI/32GB/512GB/16""2K_OLED/Arc Graphics/Win11",Hàng sắp về,https://fptshop.com.vn//may-tinh-xach-tay/lenovo-ideapad-slim-5-16imh9-155h83dc001svn,lenovo,data/laptop_html/lenovo+44.html,Intel,155H,1.4 ,32 GB (2 thanh 16 GB),LPDDR5,512 ,16 inch,2048 x 1280 Pixels,120 ,Intel,ARC,1.82 kg,57 Wh,65 W
"Laptop Lenovo Ideapad Slim 5 - 15IRU9 CORE 5_120U/16GB/512GB/15.3""WUXGA/Win 11",Hàng sắp về,https://fptshop.com.vn//may-tinh-xach-tay/lenovo-ideapad-slim-5-15iru9-83d0000evn,lenovo,data/laptop_html/lenovo+45.html,Intel,120U,1.4 ,16 GB (2 thanh 16 GB),LPDDR5,512 ,15.3 inch,1920 x 1200 Pixels,60 ,Intel,NA,1.79 kg,57 Wh,65 W
"Laptop Lenovo IdeaPad Slim 5 14IMH9 Ultra5 125H/AI/16GB/1TB/14""WUXGA/OLED/Win11",Hàng sắp về,https://fptshop.com.vn//may-tinh-xach-tay/lenovo-ideapad-slim-5-14imh9-ultra5-125h,lenovo,data/laptop_html/lenovo+46.html,Intel,125H,2.1 ,16 GB (2 thanh 8 GB),DDR5,1 ,14 inch,1920 x 1200 Pixels,60 ,Intel,ARC,1.48 kg,57 Wh,65 W
"Laptop Acer Gaming Aspire 5 A515-58GM-53CM i5 13420H/32GB/512GB/15.6""FHD/RTX2050 4GB/Win11",17.490.000 ₫,https://fptshop.com.vn//may-tinh-xach-tay/acer-gaming-aspire-5-a515-58g-53cm-i5-13420h,acer,data/laptop_html/acer+0.html,Intel,13420H,3.4 ,32 GB,DDR4,512 ,15.6 inch,FHD (1920 x 1080),144 ,NA,NA,1.7 kg,50 Wh,NA
"Laptop Acer Gaming Aspire 5 A515-58GM-53PZ i5 13420H/8GB/512GB/15.6""FHD/RTX2050 4GB/Win11",15.490.000 ₫,https://fptshop.com.vn//may-tinh-xach-tay/acer-gaming-aspire-5-a515-58gm-53pz-i5-13420h,acer,data/laptop_html/acer+1.html,Intel,13420H,3.4 ,8 GB,DDR4,512 ,15.6 inch,1920 x 1080 Pixels,60 ,NA,NA,1.7 kg,50 Wh,NA
Máy tính xách tay Acer Gaming Aspire 5 A515-58GM-51LB i5 13420H/16GB/512GB/RTX2050 4GB/Win11_Xám,16.490.000 ₫,https://fptshop.com.vn//may-tinh-xach-tay/acer-aspire-5-a515-58gm-51lb-i5-13420h,acer,data/laptop_html/acer+2.html,Intel,13420H,3.4 ,16 GB,DDR4,512 ,15.6 inch,1920 x 1080 Pixels,60 ,NVIDIA,NA,1.7 kg,60 Wh,170 W
"Laptop Acer Aspire Lite AL16-51P-55N7 i5 1235U/16GB/512GB/16"" WUXGA/Win11",13.490.000 ₫,https://fptshop.com.vn//may-tinh-xach-tay/acer-aspire-lite-al16-51p-55n7,acer,data/laptop_html/acer+3.html,Intel,1235U,3.3 ,16 GB,DDR5,512 ,16 inch,1920 x 1200 Pixels,60 ,NA,NA,1.7 kg,76 Whr,NA
"Laptop Acer Nitro 5 Tiger Gaming AN515-58-5193 i5 12450H/16GB/512GB/15.6""FHD/NVIDIA GeForce RTX4050 6GB/Win11",19.990.000 ₫,https://fptshop.com.vn//may-tinh-xach-tay/acer-nitro-5-tiger-gaming-an515-58-5193-i5-12450h,acer,data/laptop_html/acer+4.html,Intel,12450H,NA,16 GB (2 thanh 8 GB),DDR5,512 ,15.6 inch,1920 x 1200 Pixels,144 ,NA,NA,2.5 kg,4 Cell,NA
"Laptop Acer Aspire 7 Gaming A715-76G-73FM i7 12650H/16GB/512GB/15.6""FHD/RTX2050 4GB/Win11",17.790.000 ₫,https://fptshop.com.vn//may-tinh-xach-tay/acer-aspire-7-gaming-a715-76g-73fm-i7-12650h,acer,data/laptop_html/acer+5.html,Intel,12650H,2.3 ,16 GB (2 thanh 8 GB),DDR4,512 ,15.6 inch,1920 x 1080 Pixels,144 ,Intel,UHD,2.1 kg,NA,NA
"Laptop Acer Aspire 7 A715-76-53PJ i5 12450H/16GB/512GB/15.6""FHD/Win11",13.990.000 ₫,https://fptshop.com.vn//may-tinh-xach-tay/laptop-acer-aspire-7-a715-76-53pj-i5-12450h,acer,data/laptop_html/acer+6.html,Intel,12450H,2 ,16 GB (2 thanh 8 GB),DDR4,512 ,15.6 inch,FHD (1920 x 1080),60 Hz,Intel,UHD,2.1 kg,50 Wh,NA
Laptop Acer Swift X SFX16-51G-516Q i5 11320H/16GB/512GB/16.1'FHD/Nvidia RTX3050 4GB/Win11,15.990.000 ₫,https://fptshop.com.vn//may-tinh-xach-tay/acer-swift-x-sfx16-51g-516q-i5-11320h,acer,data/laptop_html/acer+7.html,NA,NA,NA,NA,NA,NA,NA,NA,NA,NA,NA,NA,NA,NA
"Laptop Acer Nitro 5 Tiger Gaming AN515-58-773Y i7 12700H/16GB/512GB/15.6""FHD/NVIDIA GeForce RTX3050Ti 4GB/Win11",22.990.000 ₫,https://fptshop.com.vn//may-tinh-xach-tay/acer-nitro-5-tiger-gaming-an515-58-773y-i7-12700h,acer,data/laptop_html/acer+8.html,NA,NA,NA,NA,NA,NA,NA,NA,NA,NA,NA,NA,NA,NA
"Laptop Acer Aspire 7 Gaming A715-76G-59MW i5 12450H/8GB/512GB/15.6""FHD/Nvidia RTX2050 4GB/Win11",15.690.000 ₫,https://fptshop.com.vn//may-tinh-xach-tay/acer-aspire-7-a715-76g-59mw-i5-12450h,acer,data/laptop_html/acer+9.html,Intel,12450H,3.3 ,8 GB (1 thanh 8 GB),DDR4,512 ,15.6 inch,FHD (1920 x 1080),144 ,NVIDIA,Geforce RTX 2050,2.1 kg,50 Wh,NA
"Laptop Acer Aspire Lite 16 AL16-51P-72S2 i7 1255U/16GB/512GB/16""FHD/Win11",15.490.000 ₫,https://fptshop.com.vn//may-tinh-xach-tay/acer-aspire-lite-16-al16-51p-72s2-i7-1255u,acer,data/laptop_html/acer+10.html,Intel,1255U,3.5 ,16 GB (1 thanh 16 GB),DDR5,512 ,16 inch,1920 x 1200 Pixels,60 ,NA,NA,1.8 kg,3 Cell,NA
"Laptop Acer Swift 3 SF314-512-741L i7 1260P/16GB/1T/14"" QHD/Win11",18.490.000 ₫,https://fptshop.com.vn//may-tinh-xach-tay/acer-swift-3-sf314-512-741l-i7-1260p,acer,data/laptop_html/acer+11.html,NA,NA,NA,NA,NA,NA,NA,NA,NA,NA,NA,NA,NA,NA
"Laptop Acer Aspire 3 A315-44P-R5QG R7 5700U/16GB/512GB/15.6""FHD/Win11",11.990.000 ₫,https://fptshop.com.vn//may-tinh-xach-tay/acer-aspire-3-a315-44p-r5qg-r7-5700u,acer,data/laptop_html/acer+12.html,AMD,5700U,1.8 ,16 GB,DDR4,512 ,15.6 inch,1920 x 1080 Pixels,60 ,NA,NA,1.7 kg,3 Cell,NA
"Laptop Acer Aspire Go AG15-31P-32U6 i3 N305/8GB/512GB/15.6"" FHD/Win11",9.290.000 ₫,https://fptshop.com.vn//may-tinh-xach-tay/acer-aspire-go-ag15-31p-32u6-i3-n305,acer,data/laptop_html/acer+13.html,Intel,N305,1.8 ,8 GB (1 thanh 8 GB),LPDDR5,512 ,15.6 inch,FHD (1920 x 1080),60 ,NA,NA,1.75 kg,57 Wh,65 W
Laptop Acer Nitro 5 Tiger Gaming AN515-58-52SP i5 12500H/8GB/512GB SSD/GeForce RTX 3050 4GB/Win11,17.490.000 ₫,https://fptshop.com.vn//may-tinh-xach-tay/acer-nitro-gaming-an515-58-52sp-i5-12500h,acer,data/laptop_html/acer+14.html,Intel,12500H,3.3 Ghz,8 GB (1 thanh 8 GB),DDR4,512 GB,15.6 inch,1920 x 1080 Pixels,144 Hz,NVIDIA,GeForce RTX 3050,2.5 kg,4 Cell,57.5 W
"Laptop Acer Nitro 16 Phoenix Gaming AN16-41-R50Z R5 7640HS/16GB/512GB/16""WUXGA//Nvidia Geforce RTX4050 6GB/Win11",22.490.000 ₫,https://fptshop.com.vn//may-tinh-xach-tay/acer-nitro-16-phoenix-gaming-an16-41-r50z-r5-7640hs,acer,data/laptop_html/acer+15.html,AMD,7640HS,NA,16 GB,DDR5,512 ,16 inch,1920 x 1200 Pixels,165 ,NVIDIA,Radeon,2.7 kg,4 Cell,90 W
Laptop Acer Aspire 7 Gaming A715-76G-5806 i5 12450H/16GB/512GB/NVIDIA RTX3050 4GB/Win11,18.490.000 ₫,https://fptshop.com.vn//may-tinh-xach-tay/acer-aspire-7-gaming-a715-76g-5806-i5-12450h,acer,data/laptop_html/acer+16.html,Intel,12450H,3.30 Ghz,16 GB (2 thanh 8 GB),DDR4,512 GB,15.6 inch,1920 x 1080 Pixels,144 Hz,NVIDIA,GeForce RTX 3050,2.1 kg,50 Giờ,NA
"Laptop Acer Nitro V Gaming ANV15-51-53NE i5 13420H/16GB/512GB/15.6""FHD/RTX2050 4GB/Win11",17.690.000 ₫,https://fptshop.com.vn//may-tinh-xach-tay/acer-nitro-v-gaming-anv15-51-53ne-i5-13420h,acer,data/laptop_html/acer+17.html,Intel,13420H,NA,16 GB,DDR5,512 ,15.6 inch,FHD (1920 x 1080),144 ,NA,NA,2.1 kg,NA,NA
" Laptop Acer Aspire 5 A515-58M-56YX i5 13420H/16GB/512GB/15.6""FHD/Win11",14.690.000 ₫,https://fptshop.com.vn//may-tinh-xach-tay/acer-aspire-5-a515-58m-56yx-i5-13420h,acer,data/laptop_html/acer+18.html,Intel,13420H,3.4 ,16 GB (1 thanh 16 GB),DDR4,512 ,15.6 inch,1920 x 1080 Pixels,60 ,Intel,UHD,2.87 kg,NA,NA
"Laptop Acer Swift Go SFG14-41-R19Z R5 7530U/16GB/512GB/14""FHD/Win11",15.790.000 ₫,https://fptshop.com.vn//may-tinh-xach-tay/acer-swift-go-sfg14-41-r19z-r5-7530u,acer,data/laptop_html/acer+19.html,AMD,7530U,2 ,16 GB,DDR4,512 ,14 inch,FHD (1920 x 1080),60 Hz,AMD,Radeon,1.2 kg,3 Cell,NA
"Laptop Acer Swift Go AI SFG14-73-53X7 Intel Core Ultra 5 125H/16GB/512GB/14"" 2.8K/Intel Arc Graphics/Win11",22.990.000 ₫,https://fptshop.com.vn//may-tinh-xach-tay/acer-swift-so-ai-sfg14-73-53x7-ultra-5-125h,acer,data/laptop_html/acer+20.html,Intel,125H,3.6 ,16 GB (1 thanh 16 GB),LPDDR5X,512 ,14 inch,2880 x 1800 Pixels,60 ,Intel,ARC,1.32 kg,65 Wh,65 W
"Laptop Acer Aspire 7 Gaming A715-76G-55T6 i5 12450H/16GB/512GB/15.6""FHD/Nvidia RTX2050 4GB/Win11",15.490.000 ₫,https://fptshop.com.vn//may-tinh-xach-tay/acer-aspire-7-gaming-a715-76g-55t6-i5-12450h,acer,data/laptop_html/acer+21.html,NA,NA,NA,NA,NA,NA,NA,NA,NA,NA,NA,NA,NA,NA
Laptop Acer Swift Lite 14 AI SFL14-51M-56HS Ultra5 125U/16GB/512GB/Win11,18.190.000 ₫,https://fptshop.com.vn//may-tinh-xach-tay/acer-swift-lite-14-ai-sfl14-51m-56hs-u5-125u,acer,data/laptop_html/acer+22.html,Intel,125U,3.6 ,16 GB (2 thanh 8 GB),DDR5,512 ,14 inch,1920 x 1200 Pixels,60 ,NA,NA,1.27 kg,3 Cell,NA
"Laptop Acer Aspire Lite AL16-51P-596H i5 1235U/8GB/512GB/16""WUXGA/Win11",12.490.000 ₫,https://fptshop.com.vn//may-tinh-xach-tay/acer-aspire-lite-al16-51p-596h-i5-1235u,acer,data/laptop_html/acer+23.html,Intel,1235U,3.3 ,8 GB,DDR5,512 ,16 inch,1920 x 1200 Pixels,60 ,NA,NA,1.8 kg,NA,NA
"Laptop Acer Aspire 3 A315-510P-34XZ i3 N305/8GB/512GB/15.6""FHD/Win11",8.490.000 ₫,https://fptshop.com.vn//may-tinh-xach-tay/acer-aspire-3-a315-510p-34xz-i3-n305,acer,data/laptop_html/acer+24.html,Intel,N305,0.9 ,8 GB,LPDDR5,512 ,15.6 inch,1920 x 1080 Pixels,60 ,NA,NA,1.7 kg,40 Wh,NA
"Laptop Acer Aspire 3 A315-59-51X8 i5 1235U/8GB/512GB/15.6""FHD/Win11",9.690.000 ₫,https://fptshop.com.vn//may-tinh-xach-tay/acer-aspire-3-a315-59-51x8-i5-1235u,acer,data/laptop_html/acer+25.html,NA,NA,NA,NA,NA,NA,NA,NA,NA,NA,NA,NA,NA,NA
"Laptop Acer Aspire 3 A315-58-53S6 i5 1135G7/8GB/256GB/15.6""FHD/Win 11",8.690.000 ₫,https://fptshop.com.vn//may-tinh-xach-tay/acer-aspire-3-a315-58-53s6-i5-1135g7,acer,data/laptop_html/acer+26.html,Intel,1135G7,2.4 Ghz,8 GB (2 thanh 4 GB),DDR4,256 GB,15.6 inch,1920 x 1080 Pixels,60 Hz,Intel,UHD,1.7 kg,2 Cell,36.7 W
"Laptop Acer Swift Edge SFA16-41-R3L6 R7 6800U/16GB/1TB/16"" WQUXGA/Win11",20.990.000 ₫,https://fptshop.com.vn//may-tinh-xach-tay/acer-swift-edge-sfa16-41-r3l6-r7-6800u,acer,data/laptop_html/acer+27.html,AMD,6800H,2.70 Ghz,16 GB (1 thanh 16 GB),LPDDR5,1 TB,16.0 inch,3840 x 2400 Pixels Màn hình chính:,60 Hz,AMD,Radeon,1.1 kg,54 Wh,NA
"Laptop Acer Aspire Lite AL15-51M-55NB i5-1155G7/8GB/512GB/15.6""FHD/Win11",10.990.000 ₫,https://fptshop.com.vn//may-tinh-xach-tay/acer-aspire-lite-al15-51m-55nb-i5-1155g7,acer,data/laptop_html/acer+28.html,Intel,1155G7,1 ,8 GB,DDR4,512 ,15.6 inch,1920 x 1080 Pixels,60 ,NA,NA,1.7 kg,36 Wh,NA
"Laptop Acer Nitro V Gaming ANV15-51-55CA i5 13420H/16GB/512GB/15.6""FHD/Nvidia RTX4050 6GB/Win11",24.490.000 ₫,https://fptshop.com.vn//may-tinh-xach-tay/acer-nitro-v-gaming-anv15-51-55ca-i5-13420h,acer,data/laptop_html/acer+29.html,Intel,13420H,3.4 ,16 GB (2 thanh 8 GB),LPDDR5,512 ,15.6 inch,FHD (1920 x 1080),144 Hz,NVIDIA,GeForce RTX 4050,2.1 kg,57 Wh,NA
"Laptop Acer Gaming Predator Helios Neo 14 PHN14-51-99Y8 Intel Core Ultra 9 185H/AI/32GB/1TB/14.5"" WQXGA+/Nvidia RTX4060 8GB/Win11",46.890.000 ₫,https://fptshop.com.vn//may-tinh-xach-tay/acer-predator-helios-neo-14-phn14-51-99y8-u9-185h,acer,data/laptop_html/acer+30.html,Intel,185H,2.3 ,32 GB,LPDDR5X,1 ,14.5 inch,3072 x 1920 Pixels,165 ,NA,NA,1.9 kg,NA,NA
"Laptop Acer Swift 14 AI SF14-51-53P9 U5 226V/16GB/1TB/14"" OLED 3K/Win11",34.990.000 ₫,https://fptshop.com.vn//may-tinh-xach-tay/acer-swift-14-ai-sf14-51-53p9-ultra5-226v,acer,data/laptop_html/acer+31.html,Intel,226V,3.5 ,16 GB (1 thanh 16 GB),DDR5,1 ,14 inch,2880 x 1800 Pixels,90 ,Intel,NA,1.26 kg,3 Cell,NA
"Laptop Acer Nitro V 16 ProPanel Gaming ANV16-41-R36Y R7 8845HS/AI/16GB/512GB/16""WUXGA/NVIDIA GeForce RTX4050 6GB/Win11",29.790.000 ₫,https://fptshop.com.vn//may-tinh-xach-tay/acer-nitro-v-16-propanel-gaming-anv16-41-r36y,acer,data/laptop_html/acer+32.html,Intel,R7 8845HS,3.8 ,16 GB (1 thanh 16 GB),DDR5,512 ,16 inch,1920 x 1200 Pixels,165 ,Intel,UHD,2.5 kg,4 Cell,NA
"Laptop Acer Swift Edge SFA16-41-R3L6 R7 6800U/16GB/1TB/16"" WQUXGA/Win11",20.990.000 ₫,https://fptshop.com.vn//may-tinh-xach-tay/acer-swift-edge-sfa16-41-r3l6-r7-6800u,acer,data/laptop_html/acer+33.html,AMD,6800H,2.70 Ghz,16 GB (1 thanh 16 GB),LPDDR5,1 TB,16.0 inch,3840 x 2400 Pixels Màn hình chính:,60 Hz,AMD,Radeon,1.1 kg,54 Wh,NA
"Laptop Acer Aspire Lite AL15-51M-55NB i5-1155G7/8GB/512GB/15.6""FHD/Win11",10.990.000 ₫,https://fptshop.com.vn//may-tinh-xach-tay/acer-aspire-lite-al15-51m-55nb-i5-1155g7,acer,data/laptop_html/acer+34.html,Intel,1155G7,1 ,8 GB,DDR4,512 ,15.6 inch,1920 x 1080 Pixels,60 ,NA,NA,1.7 kg,36 Wh,NA
Laptop Acer Swift Lite 14 SFL14-51M-78XZ Ultra7 155U/AI/16GB/512GB/Win11,Hàng sắp về,https://fptshop.com.vn//may-tinh-xach-tay/acer-swift-lite-14-ai-sfl14-51m-78xz-u7-155u,acer,data/laptop_html/acer+35.html,Intel,155U,3.8 ,16 GB (2 thanh 8 GB),DDR5,512 ,14 inch,1920 x 1200 Pixels,60 ,NA,NA,1.27 kg,3 Cell,NA
"Laptop Acer Aspire 5 A515-58P-71EJ i7 1355U/16GB/1T/15.6""FHD/Win11",Hàng sắp về,https://fptshop.com.vn//may-tinh-xach-tay/acer-aspire-5-a515-58p-71ej-i7-1355u,acer,data/laptop_html/acer+36.html,Intel,1355U,NA,16 GB,LPDDR5,1 ,15.6 inch,FHD (1920 x 1080),60 ,NA,NA,1.7 kg,NA,NA
"Laptop MSI Gaming Katana 15 B13UDXK-2213VN i5 13500H/16GB/1TB/15.6""FHD/RTX3050 6GB/Win11_Balo",21.990.000 ₫,https://fptshop.com.vn//may-tinh-xach-tay/msi-gaming-katana-15-b13udxk-2213vn-i5-13500h,msi,data/laptop_html/msi+0.html,Intel,13500H,NA,16 GB (2 thanh 8 GB),DDR5,1 ,15.6 inch,1920 x 1080 Pixels,144 ,NVIDIA,GeForce RTX 3050,2.3 kg,53.5 Whr,180 W
"Laptop MSI Modern 14 C12MO-660VN i5-1235U/16GB/512GB/14""FHD/Win11",11.990.000 ₫,https://fptshop.com.vn//may-tinh-xach-tay/msi-modern-14-c12mo-660vn-i5-1235u,msi,data/laptop_html/msi+1.html,Intel,1235U,1.40 Ghz,16 GB,DDR4,512 GB,14.0 inch,1920 x 1080 Pixels,60 Hz,Intel,Iris Xe,1.4 kg,3 Cell,65 W
"Laptop MSI Gaming Katana15 B13VFK-2099VN i7 13620H/AI/32GB/1TB/15.6""FHD/RTX4060 8GB/W11_Balo",29.390.000 ₫,https://fptshop.com.vn//may-tinh-xach-tay/msi-gaming-katana15-b13vfk-2099vn-i7-13620h,msi,data/laptop_html/msi+2.html,Intel,13620H,1.8 ,32 GB (2 thanh 16 GB),DDR5,1 ,15.6 inch,1920 x 1080 Pixels,144 ,NVIDIA,GeForce RTX 4060,2.25 kg,53.5 Wh,200 W
"Laptop MSI Gaming Thin A15 B7UCX-240VN R5-7535HS/16GB/512GB/15.6""FHD/RTX2050 4GB/Win11_Balo",15.990.000 ₫,https://fptshop.com.vn//may-tinh-xach-tay/msi-gaming-thin-a15-b7ucx-240vn-r5-7535hs,msi,data/laptop_html/msi+3.html,AMD,7535HS,3.3 ,16 GB (2 thanh 8 GB),DDR5,512 ,15.6 inch,1920 x 1080 Pixels,144 ,NVIDIA,Geforce RTX 2050,1.86 kg,52.4 Wh,120 W
"Laptop MSI Gaming Thin15 B13UC-2044VN i7-13620H/16GB/512GB/15.6""FHD/RTX3050 4GB/Win11_Balo",19.990.000 ₫,https://fptshop.com.vn//may-tinh-xach-tay/msi-gaming-thin15-b13uc-2044vn-i7-13620h,msi,data/laptop_html/msi+4.html,Intel,13620H,2.4 ,16 GB (2 thanh 8 GB),DDR4,512 ,15.6 inch,1920 x 1200 Pixels,144 ,NVIDIA,GeForce RTX 3050,1.86 kg,52.4 Wh,120 W
"Laptop MSI Modern 14 C7M-221VN R7 7730U/8GB/512GB/14"" FHD IPS/Win 11",10.490.000 ₫,https://fptshop.com.vn//may-tinh-xach-tay/msii-modern-14-c7m-221vn-r7-7730u,msi,data/laptop_html/msi+5.html,AMD,7730U,2.00 Ghz,8 GB,DDR4,512 GB,14.0 inch,1920 x 1080 Pixels,60 Hz,AMD,Radeon,1.4 kg,39.3 Wh,NA
"Laptop MSI Gaming Thin 15 B12UC-1416VN i5 12450H/16GB/512GB/15.6""FHD/RTX3050 4GB/Win11_Balo",17.490.000 ₫,https://fptshop.com.vn//may-tinh-xach-tay/msi-gaming-thin-15-b12uc-1416vn-i5-12450h,msi,data/laptop_html/msi+6.html,Intel,12450H,2 ,16 GB (2 thanh 8 GB),DDR4,512 ,15.6 inch,1920 x 1080 Pixels,144 ,NVIDIA,GeForce RTX 3050,1.86 kg,52.4 Whr,120 W
"Laptop MSI Gaming Thin A15 B7UC-261VN R5 7535HS/16GB/512GB/15.6"" FHD/RTX3050_4GB/Win11_Balo",17.490.000 ₫,https://fptshop.com.vn//may-tinh-xach-tay/msi-gaming-thin-a15-b7uc-261vn-r5-7535hs,msi,data/laptop_html/msi+7.html,AMD,7535HS,3.3 ,16 GB (2 thanh 8 GB),DDR5,512 ,15.6 inch,1920 x 1080 Pixels,144 ,NVIDIA,GeForce RTX 3050,1.86 kg,52.4 Wh,120 W
"Laptop MSI Gaming Thin 15 B13UCX-2080VN i5 13420H/16GB/512GB/15.6"" FHD/RTX 2050 4GB/Win 11_Balo",16.990.000 ₫,https://fptshop.com.vn//may-tinh-xach-tay/msi-gaming-thin-15-b13ucx-2080vn-i5-13420h,msi,data/laptop_html/msi+8.html,Intel,13420H,1.5 ,16 GB (2 thanh 8 GB),DDR4,512 ,15.6 inch,1920 x 1080 Pixels,144 ,NVIDIA,Geforce RTX 2050,1.86 kg,52.4 Wh,120 W
"Laptop MSI Gaming Katana 15 B13VFK-676VN i7 13620H/AI/16GB/1TB/Geforce RTX 4060 8GB/15.6""FHD/Win11_Balo",27.990.000 ₫,https://fptshop.com.vn//may-tinh-xach-tay/msi-gaming-katana-15-b13vfk-676vn-i7-13620h,msi,data/laptop_html/msi+9.html,Intel,13620H,NA,16 GB (2 thanh 8 GB),DDR5,1 TB,15.6 inch,1920 x 1080 Pixels,144 Hz,NVIDIA,GeForce RTX 4060,2.25 kg,53.5 Wh,200 W
"Laptop MSI Gaming Cyborg 15 A12UC-621VN i5 12450H/16GB/512GB/15.6""FHD/RTX3050 4GB/Win11_Balo",16.990.000 ₫,https://fptshop.com.vn//may-tinh-xach-tay/msi-gaming-cyborg-15-a12uc-621vn-i5-12450h,msi,data/laptop_html/msi+10.html,Intel,12450H,2 ,16 GB (2 thanh 8 GB),DDR5,512 ,15.6 inch,1920 x 1080 Pixels,144 ,NVIDIA,GeForce RTX 3050,1.9 kg,53.5 Whr,120 W
"Laptop MSI Gaming Cyborg 14 A13UDX-099VN i7-13620H/16GB/512GB/14"" FHD/RTX3050 6GB/W11_Balo",24.990.000 ₫,https://fptshop.com.vn//may-tinh-xach-tay/msi-gaming-cyborg-14-a13udx-099vn-i7-13620h,msi,data/laptop_html/msi+11.html,Intel,13620H,1.8 ,16 GB (2 thanh 8 GB),DDR5,512 ,14 inch,1920 x 1200 Pixels,144 ,NVIDIA,GeForce RTX 3050,1.6 kg,53.5 Wh,120 W
"Laptop MSI Gaming GF63 Thin 12UC-1006VN i5 12450H/16GB/512GB/15.6""FHD/Nvidia RTX 3050 4GB/Win11",16.990.000 ₫,https://fptshop.com.vn//may-tinh-xach-tay/msi-gaming-gf63-thin-12uc-1006vn-i5-12450h,msi,data/laptop_html/msi+12.html,NA,NA,NA,NA,NA,NA,NA,NA,NA,NA,NA,NA,NA,NA
"Laptop MSI Modern 14 C7M-220VN R5 7530U/8GB/512GB/14""FHD/Win 11",9.490.000 ₫,https://fptshop.com.vn//may-tinh-xach-tay/msi-modern-14-c7m-220vn-r5-7530u,msi,data/laptop_html/msi+13.html,AMD,7530U,2.00 Ghz,8 GB,DDR4,512 GB,14.0 inch,1920 x 1080 Pixels,60 Hz,AMD,Radeon,1.4 kg,39.3 Wh,65 W
"Laptop MSI Modern 15 B12MO-628VN i5 1235U/16GB/512GB/15.6""FHD/Win11",12.490.000 ₫,https://fptshop.com.vn//may-tinh-xach-tay/msi-modern-15-b12mo-628vn-i5-1235u,msi,data/laptop_html/msi+14.html,Intel,1235U,1.3 ,16 GB,DDR4,512 ,15.6 inch,1920 x 1080 Pixels,60 Hz,Intel,Iris Xe,1.7 kg,39 Wh,65 W
"Laptop MSI Gaming Thin GF63 12VE-454VN i5 12450H/16GB/512GB/15.6"" FHD/GeForce RTX 4050 6GB/Win 11",18.490.000 ₫,https://fptshop.com.vn//may-tinh-xach-tay/msi-gaming-thin-gf63-12ve-454vn-i5-12450h,msi,data/laptop_html/msi+15.html,Intel,12450H,2 Ghz,16 GB,DDR4,512 GB,15.6 inch,1920 x 1080 Pixels,144 Hz,NVIDIA,GeForce RTX 4050,1.86 kg,52.4 Wh,NA
"Laptop MSI Gaming Katana A15 AI B8VE-402VN R7 8845HS/16GB/512GB/15.6""FHD/RTX4050 6GB/Win 11_Balo",26.990.000 ₫,https://fptshop.com.vn//may-tinh-xach-tay/msi-gaming-katana-a15-ai-b8ve-402vn-r7-8845hs,msi,data/laptop_html/msi+16.html,AMD,8845HS,3.8 ,16 GB (2 thanh 8 GB),DDR5,512 ,15.6 inch,1920 x 1080 Pixels,144 ,NVIDIA,GeForce RTX 4050,2.25 kg,53.5 Whr,200 W
"Laptop MSI Gaming Thin 15 B12UCX-1419VN i5-12450H/8GB/512GB/15.6""FHD/RTX2050_4GB/Win11_Balo",15.490.000 ₫,https://fptshop.com.vn//may-tinh-xach-tay/msi-gaming-thin-15-b12ucx-1419vn-i5-12450h,msi,data/laptop_html/msi+17.html,Intel,12450H,2.2 ,8 GB (1 thanh 8 GB),DDR4,512 ,15.6 inch,1920 x 1080 Pixels,144 ,NVIDIA,Geforce RTX 2050,1.86 kg,52.4 Wh,120 W
"Laptop MSI Modern 14 C13M-612VN i5 1335U/16GB/512GB/14""FHD/Win11_Hồng",13.490.000 ₫,https://fptshop.com.vn//may-tinh-xach-tay/msi-modern-14-c13m-612vn-i5-1335u,msi,data/laptop_html/msi+18.html,Intel,1335U,1.3 Ghz,16 GB,DDR4,512 GB,14.0 inch,1920 x 1080 Pixels,60 Hz,Intel,Iris Xe,1.4 kg,39.3 Wh,65 W
"Laptop MSI Gaming Sword 16 HX B14VEKG-039VN i7-14700HX/16GB/1TB/16""FHD+/RTX4050_6GB/Win11_Balo",31.990.000 ₫,https://fptshop.com.vn//may-tinh-xach-tay/msi-gaming-sword-16-hx-b14vekg-039vn-i7-14700hx,msi,data/laptop_html/msi+19.html,NA,NA,NA,NA,NA,NA,NA,NA,NA,NA,NA,NA,NA,NA
"Laptop MSI Gaming Katana A15 AI B8VF-419VN R7-8845HS/16GB/512GB/15.6""FHD/RTX4060_8GB/Win11_Balo",28.490.000 ₫,https://fptshop.com.vn//may-tinh-xach-tay/msi-gaming-katana-a15-ai-b8vf-419vn-r7-8845hs,msi,data/laptop_html/msi+20.html,AMD,8845HS,3.8 ,16 GB (2 thanh 8 GB),DDR5,512 ,15.6 inch,1920 x 1080 Pixels,144 ,NVIDIA,GeForce RTX 4060,2.25 kg,53.5 Wh,200 W
"Laptop MSI Gaming Cyborg 15 AI A1VE-053VN Ultra 7 155H/AI/16GB/512GB/15.6""FHD/RTX4050 6GB/Win11_Balo",28.490.000 ₫,https://fptshop.com.vn//may-tinh-xach-tay/msi-gaming-cyborg-15-ai-a1ve-053vn-ultra-7-155h,msi,data/laptop_html/msi+21.html,Intel,155H,1.4 ,16 GB (2 thanh 8 GB),DDR5,512 ,15.6 inch,1920 x 1080 Pixels,144 ,NVIDIA,GeForce RTX 4050,1.98 kg,53.5 Whr,120 W
"Laptop MSI Gaming Raider GE68 HX 14VIG-496VN i9-14900HX/AI/32GB/2TB/16""QHD+/RTX4090_16GB/Win11",79.990.000 ₫,https://fptshop.com.vn//may-tinh-xach-tay/msi-gaming-raider-ge68-hx-14vig-496vn-i9-14900hx,msi,data/laptop_html/msi+22.html,Intel,14900HX,1.6 ,32 GB (2 thanh 16 GB),DDR5,2 ,16 inch,2560 x 1600 Pixels,240 ,NVIDIA,GeForce RTX 4090,2.75 kg,99.9 WHrs,330 W
"Laptop MSI Prestige 14 AI Studio C1VEG-056VN U7-155H/32GB/1TB/14""2.8K/RTX4050 6GB/Win 11_Túi",32.990.000 ₫,https://fptshop.com.vn//may-tinh-xach-tay/msi-prestige-14-ai-studio-c1veg-056vn,msi,data/laptop_html/msi+23.html,Intel,155H,1.4 ,32 GB (2 thanh 16 GB),DDR5,1 ,14 inch,2880 x 1800 Pixels,60 ,NVIDIA,GeForce RTX 4050,1.7 kg,90 Wh,140 W
"Laptop MSI Gaming Katana 15 B13VGK-1211VN i7 13620H/AI/16GB/1TB/15.6""FHD/RTX 4070 8GB/Win11/Balo",38.990.000 ₫,https://fptshop.com.vn//may-tinh-xach-tay/msi-gaming-katana-15-b13vgk-1211vn-i7-13620h,msi,data/laptop_html/msi+24.html,Intel,13620H,2.40 Ghz,16 GB (2 thanh 8 GB),DDR5,1 TB,15.6 inch,1920 x 1080 Pixels,144 Hz,NVIDIA,GeForce RTX 4070,2.29 kg,53.5 Wh,200 W
"Laptop MSI Prestige A16 AI+ A3HMG-045VN Ryzen AI 9 365/32GB/1TB/16""UHD+OLED/Win11_Bạc_Túi",40.490.000 ₫,https://fptshop.com.vn//may-tinh-xach-tay/msi-prestige-a16-ai-a3hmg-045vn,msi,data/laptop_html/msi+25.html,AMD,365,2 ,32 GB (2 thanh 16 GB),LPDDR5,1 ,16 inch,3840 x 2400 Pixels,60 ,AMD,Radeon,1.9 kg,82 WHrs,100 W
"Laptop MSI Gaming Raider GE68HX 13VF-050VN i7 13700HX/AI/16GB/2TB/16""QHD/Nvidia RTX 4060 8GB/Win11_Balo",50.990.000 ₫,https://fptshop.com.vn//may-tinh-xach-tay/msi-gaming-raider-ge68hx-13vf-050vn-i7-13700hx,msi,data/laptop_html/msi+26.html,Intel,13700HX,2.1 Ghz,16 GB (2 thanh 8 GB),DDR5,2 TB,16.0 inch,2560 x 1600 Pixels,240 Hz,NVIDIA,GeForce RTX 4060,2.7 kg,99 Wh,NA
"Laptop MSI Gaming Cyborg 15 A12UCX-281VN i5-12450H/8GB/512GB/15.6""FHD/RTX 2050 4GB/Win11_Balo",15.490.000 ₫,https://fptshop.com.vn//may-tinh-xach-tay/msi-gaming-cyborg-15-a12ucx-281vn-i5-12450h,msi,data/laptop_html/msi+27.html,Intel,12450H,2 ,8 GB,DDR5,512 ,15.6 inch,1920 x 1080 Pixels,144 Hz,Đang cập nhật,Geforce RTX 2050,1.98 kg,53.5 Wh,120 W
"Laptop MSI Gaming Vector GP78HX 13VI-476VN i9-13980HX/AI/32GB/2TB/17""QHD+/RTX4090_16GB/Win11_Balo",79.990.000 ₫,https://fptshop.com.vn//may-tinh-xach-tay/msi-gaming-vector-gp78hx-13vi-476vn-i9-13980hx,msi,data/laptop_html/msi+28.html,Intel,13980HX,1.6 ,32 GB (2 thanh 16 GB),DDR5,2 ,17 inch,2560 x 1600 Pixels,240 ,NVIDIA,GeForce RTX 4090,3 kg,90 WHrs,330 W
"Laptop MSI Gaming Katana 15 AI B8VG-465VN R7 8845HS/AI/16GB/1TB/15.6""FHD/RTX4070 8GB/Win11_Balo",36.990.000 ₫,https://fptshop.com.vn//may-tinh-xach-tay/msi-gaming-katana-15-ai-b8vg-465vn-r7-8845hs,msi,data/laptop_html/msi+29.html,AMD,8845HS,3.8 ,16 GB (2 thanh 8 GB),DDR5,1 ,15.6 inch,1920 x 1080 Pixels,144 ,NVIDIA,GeForce RTX 4070,2.3 kg,53.5 Whr,200 W
"Laptop MSI Gaming Sword 16 HX B14VGKG-038VN i7-14700HX/AI/16GB/1TB/16""QHD+/RTX4070_8GB/Win11_Balo",42.690.000 ₫,https://fptshop.com.vn//may-tinh-xach-tay/msi-gaming-sword-16-hx-b14vgkg-038vn-i7-14700hx,msi,data/laptop_html/msi+30.html,Intel,14700HX,2.1 ,16 GB (2 thanh 8 GB),DDR5,1 ,16 inch,2560 x 1600 Pixels,240 ,NVIDIA,GeForce RTX 4070,2.3 kg,65 Wh,200 W
"Laptop MSI Gaming Raider GE68 HX 14VHG-646VN i9 14900HX/AI/32GB/2TB/16""MiniLED/RTX4080 12GB/W11_Balo",79.990.000 ₫,https://fptshop.com.vn//may-tinh-xach-tay/msi-gaming-raider-ge68-hx-14vhg-646vn-i9-14900hx,msi,data/laptop_html/msi+31.html,Intel,14900HX,2.2 ,32 GB (2 thanh 16 GB),DDR5,2 ,16 inch,3840 x 2400 Pixels,120 ,NVIDIA,GeForce RTX 4080,2.75 kg,99 Wh,330 W
"Laptop MSI Gaming Raider GE68HX 13VF-050VN i7 13700HX/AI/16GB/2TB/16""QHD/Nvidia RTX 4060 8GB/Win11_Balo",50.990.000 ₫,https://fptshop.com.vn//may-tinh-xach-tay/msi-gaming-raider-ge68hx-13vf-050vn-i7-13700hx,msi,data/laptop_html/msi+32.html,Intel,13700HX,2.1 Ghz,16 GB (2 thanh 8 GB),DDR5,2 TB,16.0 inch,2560 x 1600 Pixels,240 Hz,NVIDIA,GeForce RTX 4060,2.7 kg,99 Wh,NA
"Laptop MSI Gaming Vector GP78HX 13VI-476VN i9-13980HX/AI/32GB/2TB/17""QHD+/RTX4090_16GB/Win11_Balo",79.990.000 ₫,https://fptshop.com.vn//may-tinh-xach-tay/msi-gaming-vector-gp78hx-13vi-476vn-i9-13980hx,msi,data/laptop_html/msi+33.html,Intel,13980HX,1.6 ,32 GB (2 thanh 16 GB),DDR5,2 ,17 inch,2560 x 1600 Pixels,240 ,NVIDIA,GeForce RTX 4090,3 kg,90 WHrs,330 W
"Laptop MSI Prestige 14 AI Studio C1UDXG-058VN U7-155H/16GB/1TB/14""FHD/RTX3050 6GB/Win11_Túi",Hàng sắp về,https://fptshop.com.vn//may-tinh-xach-tay/msi-prestige-14-ai-studio-c1udxg-058vn,msi,data/laptop_html/msi+34.html,Intel,155H,1.4 ,16 GB (1 thanh 16 GB),DDR5,1 ,14 inch,1920 x 1200 Pixels,144 ,NVIDIA,GeForce RTX 3050,1.7 kg,90 Wh,140 W
"Laptop MSI Modern 15 F13MG-082VN i5-1335U/16GB/512GB/15.6""FHD/Win11_Bạc_Túi",Hàng sắp về,https://fptshop.com.vn//may-tinh-xach-tay/msi-modern-15-f13mg-082vn,msi,data/laptop_html/msi+35.html,Intel,1335U,1.3 ,16 GB (2 thanh 8 GB),DDR4,512 ,15.6 inch,1920 x 1080 Pixels,60 ,Intel,Iris Xe,1.7 kg,3 Cell,56 W
"Laptop MSI Gaming Stealth 14 AI Studio A1VFG-050VN Ultra 7 155H/AI/32G/1TB/14""2.8KOLED/RTX4060_8G/Win11",Hàng sắp về,https://fptshop.com.vn//may-tinh-xach-tay/msi-gaming-stealth-14-ai-studio-a1vfg-050vn-ultra-7-155h,msi,data/laptop_html/msi+36.html,Intel,155H,1.4 ,32 GB (2 thanh 16 GB),DDR5,1 ,14 inch,2880 x 1800 Pixels,120 ,NVIDIA,GeForce RTX 4060,1.7 kg,72 Wh,240 W
"Laptop MSI Gaming Raider GE68 HX 13VG-048VN i7-13700HX/AI/32GB/2TB/16""QHD+/RTX4070_8GB/Win11",Hàng sắp về,https://fptshop.com.vn//may-tinh-xach-tay/msi-gaming-raider-ge68-hx-13vg-048vn-i7-13700hx,msi,data/laptop_html/msi+37.html,Intel,13700HX,2.1 ,32 GB (2 thanh 16 GB),DDR5,2 ,16 inch,2560 x 1600 Pixels,240 ,NVIDIA,GeForce RTX 4070,2.7 kg,99.9 WHrs,280 W
"Laptop MSI Gaming Stealth 16 MercedesAMG A13VG-289VN i9-13900H/AI/32GB/2TB/16""OLED/RTX 4070_8GB/Win11",Hàng sắp về,https://fptshop.com.vn//may-tinh-xach-tay/msi-gaming-stealth-16-mercedesamg-a13vg-289vn-i9-13900h,msi,data/laptop_html/msi+38.html,Intel,13900H,2.1 ,32 GB (2 thanh 16 GB),DDR5,2 ,16 inch,2560 x 1600 Pixels,240 ,NVIDIA,GeForce RTX 4070,3.3 kg,NA,NA
"Laptop Dell Vostro 14 V3420 i5 1235U/8GB/512GB/14""FHD/Win11/Office HS21",15.490.000 ₫,https://fptshop.com.vn//may-tinh-xach-tay/dell-vostro-14-v3420-i5-1235u,dell,data/laptop_html/dell+0.html,Intel,1235U,1.3 ,8 GB,DDR4,512 ,14 inch,FHD (1920 x 1080),60 ,NA,NA,1.49 kg,65 Wh,NA
"Laptop Dell Inspiron N3520 i5 1235U/16GB/512GB/15.6""FHD/Win11/Office HS21",16.490.000 ₫,https://fptshop.com.vn//may-tinh-xach-tay/dell-inspiron-n3520-i5-1235u-n5i5203w1,dell,data/laptop_html/dell+1.html,Intel,1235U,1.3 ,16 GB,DDR4,512 ,15.6 inch,1920 x 1080 Pixels,120 ,Intel,Iris Xe,1.66 kg,3 Cell,65 W
"Laptop Dell Inspiron N3520 i5 1235U/8GB/512GB/15.6""FHD/Win11/Office HS21",15.490.000 ₫,https://fptshop.com.vn//may-tinh-xach-tay/dell-inspiron-n3520-i5-1235u-i5u085w11slu,dell,data/laptop_html/dell+2.html,Intel,1235U,1.3 ,8 GB,DDR4,512 ,15.6 inch,1920 x 1200 Pixels,120 ,Intel,UHD,1.9 kg,3 Cell,NA
"Laptop Dell Inspiron 14 N5440 i5 1334U/16GB/512GB/14""FHD+/Win11/Office HS21",20.490.000 ₫,https://fptshop.com.vn//may-tinh-xach-tay/dell-inspiron-14-n5440-i5-1334u,dell,data/laptop_html/dell+3.html,Intel,1334U,1.3 ,16 GB (2 thanh 8 GB),DDR5,512 ,14 inch,1920 x 1200 Pixels,60 ,NA,NA,1.54 kg,3 Cell,41 W
"Laptop Dell Inspiron 16 N5640 i5 1334U/16GB/512GB/16"" FHD+/Win11/Office HS21",21.990.000 ₫,https://fptshop.com.vn//may-tinh-xach-tay/dell-inspiron-16-n5640-i5-1334u,dell,data/laptop_html/dell+4.html,Intel,1334U,1.3 ,16 GB (2 thanh 8 GB),DDR5,512 ,16 inch,1920 x 1200 Pixels,60 ,NA,NA,1.87 kg,54 Wh,NA
"Laptop Dell Inspiron N3520 i5 1235U/16GB/512GB/15.6""FHD/Win11/Office HS21",16.490.000 ₫,https://fptshop.com.vn//may-tinh-xach-tay/dell-inspiron-n3520-i5-1235u-i5-1235ui5u165w11blu-fp,dell,data/laptop_html/dell+5.html,Intel,1235U,1.3 ,16 GB (2 thanh 8 GB),DDR4,512 ,15.6 inch,1920 x 1200 Pixels,120 ,Intel,UHD,1.66 kg,4 Cell,NA
"Laptop Dell Vostro V3520 i5-1235U/16GB/512GB/15.6""FHD/Win11/Office HS21",16.490.000 ₫,https://fptshop.com.vn//may-tinh-xach-tay/dell-vostro-15-3520-i5-1235u-i5u165w11gru,dell,data/laptop_html/dell+6.html,Intel,1235U,NA,16 GB,DDR4,512 ,15.6 inch,1920 x 1200 Pixels,120 ,NA,NA,1.9 kg,NA,NA
"Laptop Dell Vostro V3430 i5 1335U/16GB/512GB/14""FHD/Nvidia GeForce MX550 2GB/Win11/Office HS21",18.790.000 ₫,https://fptshop.com.vn//may-tinh-xach-tay/dell-vostro-v3430-60ygm1-i5-1335u,dell,data/laptop_html/dell+7.html,NA,NA,NA,NA,NA,NA,NA,NA,NA,NA,NA,NA,NA,NA
"Laptop Dell Inspiron N3530 i5 1334U/16GB/512GB/15.6""FHD/Win11/Office HS21",18.490.000 ₫,https://fptshop.com.vn//may-tinh-xach-tay/dell-inspiron-n3530-i5-1334u-71043885,dell,data/laptop_html/dell+8.html,Intel,1334U,3.4 ,16 GB (2 thanh 8 GB),DDR4,512 ,15.6 inch,FHD (1920 x 1080),120 ,Intel,NA,1.66 kg,3 Cell,NA
"Laptop Dell Inspiron N3520 i5 1235U/16GB/512GB/15.6""FHD/Win11/Office HS21",16.490.000 ₫,https://fptshop.com.vn//may-tinh-xach-tay/dell-inspiron-n3520-i5-1235u-71045026,dell,data/laptop_html/dell+9.html,Intel,1235U,3.3 ,16 GB (2 thanh 8 GB),DDR4,512 ,15.6 inch,FHD (1920 x 1080),120 ,Intel,NA,1.9 kg,3 Cell,NA
"Laptop Dell Latitude L3540 i5 1235U/16GB/512GB/15.6"" FHD/Win11",16.990.000 ₫,https://fptshop.com.vn//may-tinh-xach-tay/dell-latitude-l3540-i5-1235u-71038100,dell,data/laptop_html/dell+10.html,Intel,1235U,3.3 ,16 GB,DDR5,512 ,15.6 inch,1920 x 1080 Pixels,60 ,Intel,Iris Xe,1.81 kg,NA,NA
"Laptop Dell Vostro V3520 i5 1235U/16GB/512GB/15.6""FHD/Win11/Office HS21",16.490.000 ₫,https://fptshop.com.vn//may-tinh-xach-tay/dell-vostro-v3520-i5-1235u,dell,data/laptop_html/dell+11.html,Intel,1235U,NA,16 GB,DDR4,512 ,15.6 inch,FHD (1920 x 1080),120 ,NA,NA,1.9 kg,41 Wh,NA
"Laptop Dell Vostro 15 V3530 i5 1335U/16GB/512GB/15.6""FHD/Win11/Office HS21",18.490.000 ₫,https://fptshop.com.vn//may-tinh-xach-tay/dell-vostro-15-3530-i5-1335u,dell,data/laptop_html/dell+12.html,NA,NA,NA,NA,NA,NA,NA,NA,NA,NA,NA,NA,NA,NA
"Laptop Dell Inspiron N3520 i5 1235U/8GB/512GB/15.6""FHD/Win11/Office HS21",15.490.000 ₫,https://fptshop.com.vn//may-tinh-xach-tay/dell-inspiron-n3520-i5-1235u-25p2311,dell,data/laptop_html/dell+13.html,Intel,1235U,1.3 ,8 GB,DDR4,512 ,15.6 inch,1920 x 1200 Pixels,120 ,Intel,UHD,1.9 kg,3 Cell,NA
"Laptop Dell Vostro 14 3420 (V4I5703W1) i5-1235U/16GB/512GB/14"" FHD/Win11/Office HS21",16.490.000 ₫,https://fptshop.com.vn//may-tinh-xach-tay/dell-vostro-14-3420-v4i5703w1-i5-1235u,dell,data/laptop_html/dell+14.html,Intel,1235U,1.3 ,16 GB,DDR4,512 ,14 inch,FHD (1920 x 1080),60 ,Intel,NA,1.49 kg,41 WHrs,65 W
"Laptop Dell Inspiron 15 N3520 i5 1235U/16GB/512GB/15.6""FHD/Win11/Office HS21_N5I5011W1",16.490.000 ₫,https://fptshop.com.vn//may-tinh-xach-tay/laptop-dell-inspiron-15-n3520-i5-1235u1-n5i5011w1,dell,data/laptop_html/dell+15.html,Intel,1235U,0.9 ,16 GB,DDR4,512 ,15.6 inch,1920 x 1200 Pixels,120 ,NA,NA,1.9 kg,NA,NA
"Laptop Dell Inspiron 15 N3520 i5 1235U/16GB/512GB/15.6""FHD/Win11/Office HS21_N5I5011W1",16.490.000 ₫,https://fptshop.com.vn//may-tinh-xach-tay/laptop-dell-inspiron-15-n3520-i5-1235u1-n5i5011w1,dell,data/laptop_html/dell+16.html,Intel,1235U,0.9 ,16 GB,DDR4,512 ,15.6 inch,1920 x 1200 Pixels,120 ,NA,NA,1.9 kg,NA,NA
"Laptop Dell Latitude L3540 i5 1235U/16GB/512GB/15.6""FHD/Win11",16.990.000 ₫,https://fptshop.com.vn//may-tinh-xach-tay/dell-latitude-l3540-i5-1235u-42ltl354001,dell,data/laptop_html/dell+17.html,Intel,1235U,3.3 ,16 GB,DDR4,512 ,15.6 inch,1920 x 1080 Pixels,60 ,Intel,UHD,1.86 kg,NA,NA
"Laptop Dell XPS 13 9340 Ultra 7 155H/AI/16GB/1T/13.4"" QHD+/Touch/Win11/Office HS21",55.890.000 ₫,https://fptshop.com.vn//may-tinh-xach-tay/dell-xps-13-9340-ultra-7-155h-hxrgt,dell,data/laptop_html/dell+18.html,Intel,155H,1.3 ,16 GB,LPDDR5X,512 ,13.4 inch,2560 x 1600 Pixels,120 ,Intel,ARC,1.243 kg,3 Cell,55 W
"Laptop Dell Inspiron 15 N3530 i5 1335U/16GB/512GB/15.6""FHD/NVIDIA MX550 2GB/Win11/Office HS21",18.790.000 ₫,https://fptshop.com.vn//may-tinh-xach-tay/dell-inspiron-15-n3530-i5-1335u,dell,data/laptop_html/dell+19.html,Intel,1335U,0.9 ,16 GB (2 thanh 8 GB),DDR4,512 ,15.6 inch,FHD (1920 x 1080),120 Hz,NVIDIA,GeForce MX550,1.66 kg,3467 mAh,65 W
"Laptop Dell Inspiron N5440 Core5 120U/16GB/512GB/14.0""FHD/Win11/Office HS21",22.490.000 ₫,https://fptshop.com.vn//may-tinh-xach-tay/dell-inspiron-n5440-core5-120u-n4i5211w1,dell,data/laptop_html/dell+20.html,Intel,120U,NA,16 GB (2 thanh 8 GB),DDR5,512 ,14 inch,FHD (1920 x 1080),60 ,Intel,NA,1.67 kg,4 Cell,NA
"Laptop Dell Latitude 3440 i5-1235U/16GB/512GB/14""FHD/Win11",16.990.000 ₫,https://fptshop.com.vn//may-tinh-xach-tay/dell-latitude-l3440-i5-1235u,dell,data/laptop_html/dell+21.html,Intel,1235U,0.4 ,16 GB,DDR4,512 ,14.1 inch,FHD (1920 x 1080),60 ,NA,NA,1.54 kg,NA,NA
"Laptop Dell XPS 14 9440 U7 155H/AI/64GB/1TB/14.5""3.2K Touch/Nvidia RTX4050 6GB/Win11/Office HS22",74.990.000 ₫,https://fptshop.com.vn//may-tinh-xach-tay/dell-xps-14-9440-u7-155h,dell,data/laptop_html/dell+22.html,Intel,155H,1.4 ,64 GB (2 thanh 32 GB),Đang cập nhật,1 ,14.5 inch,3200 x 2000 Pixels,120 ,NA,NA,1.8 kg,NA,NA
